IdProvincia,IdEstacion,Fecha,Año,Dia,Temp Media (ºC),Temp Max (ºC),Hora Temp Max,Temp Min (ºC),Hora Temp Min,Humedad Media (%),Humedad Max (%),Hora Hum Max,Humedad Min (%),Hora Hum Mín,Radiación (MJ/m2),Precipitation (mm),PePMon,ETo (mm),Temp Suelo 10 cm (ºC),Temp Suelo 30 cm (ºC)
28,3,2023-11-01,2023,305,12.07,17.54,11:50,4.76,01:40,90.6,98.3,05:30,71.6,11:50,3.82,1.42,0,0.93,13.4,15.34
28,3,2023-11-02,2023,306,13.33,17.67,08:20,6.84,23:50,81.1,95.6,10:10,57.46,13:00,7.38,9.14,5.01,1.82,14.55,15.33
28,3,2023-11-03,2023,307,11.08,15.25,15:10,6.84,00:10,79.2,85.6,02:30,70.4,15:30,7.18,0.61,0,1.41,13.46,15.16
28,3,2023-11-04,2023,308,13.59,17.6,14:40,10.34,23:50,78.4,93.4,16:40,69.28,14:40,2.58,1.62,0,1.39,13.64,14.88
28,3,2023-11-05,2023,309,11.41,16.3,13:30,6.98,22:50,75.7,93.9,22:20,52.46,15:30,10.33,0,0,1.64,13.27,14.71
28,3,2023-11-06,2023,310,8.99,14.82,14:10,4.22,06:40,79.4,96.6,07:10,47.32,12:50,11.38,0,0,1.23,12.12,14.3
28,3,2023-11-07,2023,311,6.48,12.74,13:00,-0.16,06:20,86.1,98.9,06:30,59.96,13:00,9.15,0.2,0,0.95,10.83,13.63
28,3,2023-11-08,2023,312,8.6,14.95,13:10,2.06,04:00,86.6,98.5,04:20,60.96,13:20,9.19,0.2,0,0.9,10.7,12.97
28,3,2023-11-09,2023,313,12.15,17.65,13:50,9.2,23:50,82.4,96,07:50,56.5,16:10,8.64,0.61,0,1.21,12.27,13.04
28,3,2023-11-10,2023,314,11.82,17.1,13:50,6.04,06:50,80.6,96.1,06:30,53.32,13:30,11.39,0.41,0,1.4,12.09,13.23
28,3,2023-11-11,2023,315,15.26,17.8,14:00,12.69,00:10,84.6,89.6,00:20,77.1,14:00,3.36,0,0,1.17,13.41,13.51
28,3,2023-11-12,2023,316,15.66,21.15,12:10,11.88,01:00,85.3,96,23:50,63.56,13:10,8.99,0,0,1.43,14.04,13.99
28,3,2023-11-13,2023,317,15.74,21.4,13:50,8.59,23:10,84.5,97.9,23:40,58.16,14:20,9.06,0,0,1.22,14.79,14.5
28,3,2023-11-14,2023,318,10.85,20.32,14:40,6.51,04:40,92.1,98.5,09:30,63.35,15:10,8.74,0,0,0.86,13.22,14.51
28,3,2023-11-15,2023,319,10.44,13.69,15:10,5.56,01:10,96.5,98.6,08:10,88.1,15:20,3.14,0.2,0,0.59,12.65,14.07
28,3,2023-11-16,2023,320,11.26,14.16,16:00,9.05,03:50,96.7,98.8,09:40,89.5,16:00,3.4,0.2,0,0.6,13.2,13.94
28,3,2023-11-17,2023,321,11.94,16.96,15:20,8.66,23:50,93.3,98.3,09:20,75.5,14:40,5.79,0.41,0,0.72,13.68,14.11
28,3,2023-11-18,2023,322,10.55,20.45,15:40,6.17,21:40,91,98.8,10:30,50.87,15:40,8.51,0,0,0.86,13.13,14.11
28,3,2023-11-19,2023,323,9.57,20.66,14:00,3.41,06:20,88.9,99.1,06:30,53.23,14:30,10.34,0.2,0,0.78,11.42,13.62
28,3,2023-11-20,2023,324,9.46,19.18,14:50,3.01,05:30,88.8,99.1,05:20,61.67,15:00,8.72,0.2,0,0.8,10.74,12.96
28,3,2023-11-21,2023,325,7.58,15.69,13:20,1.18,07:30,79.1,99.3,07:30,47.18,13:30,9.47,0.2,0,0.81,9.99,12.48
28,3,2023-11-22,2023,326,7.48,16.5,13:30,-0.63,07:20,74.3,98.1,07:30,45.09,15:00,9.99,0,0,1.04,8.98,11.81
28,3,2023-11-23,2023,327,4.85,15.82,15:20,-2.51,07:00,75.2,98.2,07:50,31.66,14:10,10.5,0,0,0.67,8.04,11.19
28,3,2023-11-24,2023,328,4.16,16.29,15:30,-3.32,07:10,80.5,98.5,08:00,37.33,15:50,10.15,0.2,0,0.64,6.85,10.36
28,3,2023-11-25,2023,329,4.84,18.38,14:50,-2.65,07:30,84.5,99.4,07:50,41.1,14:50,9.73,0,0,0.6,6.35,9.66
28,3,2023-11-26,2023,330,6.6,16.9,14:50,-0.9,07:10,83.8,99.7,07:10,44.89,15:10,8.77,0.2,0,0.64,6.44,9.19
28,3,2023-11-27,2023,331,7.3,14.23,13:30,0.32,06:40,89.6,99.2,07:00,68.26,14:10,6.53,0,0,0.81,7.46,9.19
28,3,2023-11-28,2023,332,10.37,14.91,15:40,8.05,01:10,91.2,97.6,23:10,74.4,15:40,2.58,0.2,0,0.88,8.97,9.56
28,3,2023-11-29,2023,333,12.97,17.13,14:40,10.13,19:00,90.8,97.2,04:50,75.7,14:50,4.16,1.22,0,0.81,10.39,10.23
28,3,2023-11-30,2023,334,13.68,18.54,15:10,9.19,07:00,89.9,98.3,23:50,70.4,15:10,3.04,22.94,14.12,1.07,11.1,10.91
28,3,2023-12-01,2023,335,9.15,15.73,02:00,4.08,23:10,84.2,98.4,00:40,57.06,15:20,7.85,14.62,8.8,1.3,11.49,11.51
28,3,2023-12-02,2023,336,5.25,12.47,12:40,0.31,22:40,86.8,98.5,23:50,56.26,15:10,8.38,0,0,0.77,9.27,11.24
28,3,2023-12-03,2023,337,4.09,11.39,14:10,-1.71,04:20,90.2,99.9,07:40,65.17,14:40,8.06,0.2,0,0.48,7.66,10.34
28,3,2023-12-04,2023,338,7.41,12.95,15:00,3.27,23:10,88.6,98.1,23:50,71.5,15:00,4.56,0.61,0,0.73,8.5,9.9
28,3,2023-12-05,2023,339,5.18,9.72,14:50,1.19,05:30,91.6,99.4,05:30,69.99,13:50,5.26,0.41,0,0.5,7.89,9.75
28,3,2023-12-06,2023,340,5.56,11.41,14:10,1.25,07:30,91.7,99,23:50,73,14:20,5.53,1.01,0,0.46,7.92,9.55
28,3,2023-12-07,2023,341,6.13,10.66,13:20,1.12,06:20,96,99.5,05:50,80.7,12:50,3.94,8.53,4.55,0.47,7.4,9.25
28,3,2023-12-08,2023,342,9.22,14.09,13:20,3.48,23:20,82.9,98.5,02:10,50.04,12:50,7.23,0.41,0,1.11,8.59,9.35
28,3,2023-12-09,2023,343,9.8,14.23,13:30,2.74,01:40,91.5,97.7,02:00,80.9,13:40,3.64,0,0,0.67,8.5,9.45
28,3,2023-12-10,2023,344,12.53,14.77,13:20,11.07,23:00,92.6,98,23:50,82.5,13:40,2.26,0.2,0,0.58,10.23,9.91
28,3,2023-12-11,2023,345,11.22,15.64,11:50,6.84,23:20,88,98.2,00:30,64.89,11:50,6.02,0,0,0.62,10.84,10.55
28,3,2023-12-12,2023,346,10.01,17.18,15:20,4.42,05:00,91.5,98.7,10:30,71.4,14:30,6.28,0.61,0,0.68,10.01,10.69
28,3,2023-12-13,2023,347,10.27,14.09,13:40,4.69,21:50,74.5,95.6,00:00,48.41,13:00,7.7,0,0,1.27,10.5,10.84
28,3,2023-12-14,2023,348,5.46,13.4,15:00,-1.44,07:50,79.8,98.4,08:10,47.12,14:30,8.83,0,0,0.55,8.19,10.49
28,3,2023-12-15,2023,349,5.02,15.96,14:00,-1.84,07:40,84.4,99.3,08:00,48.6,15:40,8.86,0.2,0,0.6,6.86,9.63
28,3,2023-12-16,2023,350,2.92,12.46,15:10,-2.85,06:10,89.7,99.9,06:40,55.98,13:20,8.47,0.2,0,0.43,5.98,8.92
28,3,2023-12-17,2023,351,2.77,13.6,14:30,-3.59,07:10,87.6,99.9,05:10,45.7,15:20,8.9,0.2,0,0.51,5.14,8.23
28,3,2023-12-18,2023,352,2.6,13.33,15:10,-3.53,06:30,86.6,99.1,05:00,47.39,14:40,8.74,0.2,0,0.49,4.46,7.6
28,3,2023-12-19,2023,353,2.07,12.79,14:40,-4.07,07:10,88.3,99.5,03:30,51.85,14:40,8.56,0.2,0,0.44,3.92,7.05
28,3,2023-12-20,2023,354,3.59,14.02,14:10,-3.19,03:20,83.1,99.2,04:50,42.53,14:50,7.08,0.41,0,0.69,3.99,6.6
28,3,2023-12-21,2023,355,3.62,14.74,15:00,-3.39,07:50,84,99,08:00,46.71,15:00,8.73,0,0,0.52,3.92,6.42
28,3,2023-12-22,2023,356,4,15.62,14:40,-2.58,06:30,84.3,99.5,07:10,47.05,14:20,8.79,0.2,0,0.57,3.8,6.19
28,3,2023-12-23,2023,357,2.84,14.55,15:20,-3.8,07:50,86.3,99.5,03:50,50.85,12:50,8.82,0.2,0,0.52,3.54,6
28,3,2023-12-24,2023,358,2.41,13.47,15:50,-3.73,06:50,87.5,99.4,04:40,53.13,15:50,8.83,0,0,0.48,3.09,5.72
28,3,2023-12-25,2023,359,1.7,12.46,15:00,-5.01,07:20,89.6,99.7,04:30,57.93,14:30,8.53,0.2,0,0.43,2.68,5.39
28,3,2023-12-26,2023,360,-0.35,2.39,15:10,-3.53,02:00,99.4,100,23:20,98.9,03:50,2.86,0.2,0,0.32,2.69,5.09
28,3,2023-12-27,2023,361,0.98,11.93,15:40,-2.86,23:50,95.3,100,03:50,64.22,15:40,6.7,0.2,0,0.49,3.48,5.09
28,3,2023-12-28,2023,362,0.85,7.03,14:30,-2.93,03:30,94.8,99.6,10:40,74.7,14:30,4.96,0.2,0,0.38,3.43,5.13
28,3,2023-12-29,2023,363,3.88,11.01,13:30,-0.23,23:40,87.6,98.6,00:00,57.69,13:40,4.55,0,0,0.53,4.01,5.22
28,3,2023-12-30,2023,364,3.01,14.62,14:40,-3.86,07:40,86.4,99.7,02:50,46.92,14:40,8.49,0.2,0,0.47,3.59,5.33
28,3,2023-12-31,2023,365,6.1,11.41,13:30,-0.97,00:20,92.4,99,01:00,78.4,12:10,3.9,0,0,0.59,4.22,5.27
28,3,2024-01-01,2024,1,5.16,11.79,15:50,0.05,22:30,92.6,99.1,06:30,62.67,16:10,5.48,0,0,0.54,5.24,5.74
28,3,2024-01-02,2024,2,4.82,10.53,15:10,-0.56,06:40,91,99,07:00,72.9,13:10,3.37,0.2,0,0.49,4.7,5.85
28,3,2024-01-03,2024,3,10.4,14.64,15:00,4.62,00:00,94.8,98.5,09:30,88.4,15:20,2.85,1.42,0,0.56,6.43,6.15
28,3,2024-01-04,2024,4,10.46,13.1,10:10,8.12,23:30,96,98.7,23:40,83.4,11:00,3.23,2.84,0.03,0.56,7.79,6.99
28,3,2024-01-05,2024,5,7.51,10.72,14:20,3.26,21:10,76.4,98.5,00:10,52.82,14:20,8.15,0.61,0,1.09,7.59,7.58
28,3,2024-01-06,2024,6,5.18,10.65,13:10,-0.29,23:50,72.4,91.6,07:20,49.3,15:20,9.26,0,0,0.99,6.2,7.48
28,3,2024-01-07,2024,7,2.98,11.79,13:30,-3.19,23:50,79.8,98.6,08:40,42.27,16:30,9.17,0,0,0.59,4.8,6.96
28,3,2024-01-08,2024,8,1.32,10.85,14:10,-5.82,06:40,83.5,98.9,02:50,47.27,14:20,8.45,0,0,0.47,3.46,6.28
28,3,2024-01-09,2024,9,5.75,11.8,14:00,2.4,00:10,83.4,93,03:30,61.26,14:00,5.96,0,0,0.55,4.74,5.89
28,3,2024-01-10,2024,10,6.07,8.18,15:50,2.06,04:30,93.6,97.9,05:30,87.3,11:20,2.46,1.42,0,0.52,5.73,6.28
28,3,2024-01-11,2024,11,4.4,10.72,13:30,-1.78,22:30,83.7,99.2,08:20,51.86,14:40,9.46,0,0,0.6,5.8,6.56
28,3,2024-01-12,2024,12,1.62,9.52,15:40,-4.81,07:10,86.9,98.2,23:40,62.42,13:10,8.42,0.2,0,0.52,4.2,6.32
28,3,2024-01-13,2024,13,3.98,9.46,14:10,-0.97,00:20,90.3,98.8,02:40,75.5,14:10,3.71,0,0,0.49,4.4,5.93
28,3,2024-01-14,2024,14,6.14,10.54,15:10,1.72,00:40,93.6,98.8,02:10,77,14:30,2.63,0.2,0,0.53,5.21,6.02
28,3,2024-01-15,2024,15,11.43,14.64,15:40,7.78,01:30,97,99,22:30,90,15:50,2.03,13.2,7.83,0.57,7.05,6.49
28,3,2024-01-16,2024,16,13.23,17.13,13:20,10.74,20:30,87.8,99,00:00,60.25,17:50,3.33,1.01,0,0.96,8.83,7.49
28,3,2024-01-17,2024,17,12.07,14.71,15:30,7.71,22:40,84.8,95.3,06:50,74.2,17:00,4.55,6.5,3.03,1.04,9.46,8.33
28,3,2024-01-18,2024,18,10.91,13.7,10:50,7.64,06:40,93.7,98.6,23:40,85.2,10:50,3.39,7.31,3.64,0.61,9.35,8.79
28,3,2024-01-19,2024,19,8.06,11.08,03:50,4.08,22:20,96.2,98.9,03:40,85.7,23:40,2.13,24.56,15.1,0.56,9.49,9.13
28,3,2024-01-20,2024,20,5.9,11.34,12:50,2.54,07:40,85.1,98.1,23:50,66.27,12:50,5.99,0,0,0.67,8.32,9.02
28,3,2024-01-21,2024,21,7.01,14.35,14:00,1.12,23:40,87.7,99.3,23:40,53.33,14:10,9.48,0,0,0.75,7.9,8.71
28,3,2024-01-22,2024,22,4.73,13.41,16:20,-1.24,06:30,93.3,100,06:30,71.7,16:20,8.72,0.2,0,0.65,6.62,8.32
28,3,2024-01-23,2024,23,6.36,16.7,15:10,1.25,03:00,94,100,12:40,64.79,16:00,7.61,0.2,0,0.7,6.71,7.94
28,3,2024-01-24,2024,24,8.12,19.72,16:00,2.47,01:20,92.9,100,12:10,54.39,16:20,8.67,0.2,0,0.82,7.09,7.87
28,3,2024-01-25,2024,25,8.31,20.19,15:20,0.58,06:40,89.7,100,06:50,53.98,15:30,10.53,0.2,0,0.93,6.9,7.88
28,3,2024-01-26,2024,26,8.49,19.92,15:30,1.59,07:50,87.7,100,08:30,44.41,14:30,10.04,0.2,0,0.88,6.85,7.84
28,3,2024-01-27,2024,27,9.04,20.4,15:30,1.93,07:10,86.2,100,05:40,45.89,15:20,9.68,0,0,0.97,7.05,7.82
28,3,2024-01-28,2024,28,8.8,19.92,14:50,0.85,07:30,86.8,100,07:40,50.21,14:50,10.51,0.2,0,0.98,7.09,7.87
28,3,2024-01-29,2024,29,8.22,16.1,14:40,1.59,07:20,88.1,100,07:20,57.86,14:40,9.33,0,0,0.93,7.37,7.96
28,3,2024-01-30,2024,30,7.25,15.69,14:10,0.92,08:00,88.9,100,06:40,59.46,14:40,10.67,0.2,0,0.9,6.95,7.95
28,3,2024-01-31,2024,31,6.98,13.81,15:30,1.79,02:10,89.5,100,02:20,63.53,13:00,11.55,0,0,0.88,6.98,7.85
28,3,2024-02-01,2024,32,6.15,16.96,15:10,0.11,01:50,91,100,01:50,57.78,14:30,9.73,0.2,0,0.94,6.91,7.82
28,3,2024-02-02,2024,33,7.34,17.57,13:20,-0.23,07:00,82.3,100,07:00,43,16:20,11.21,0.2,0,1.01,6.58,7.72
28,3,2024-02-03,2024,34,7.55,18.44,15:30,0.58,07:30,80.9,100,07:50,39.61,16:10,11.73,0,0,1.09,6.61,7.64
28,3,2024-02-04,2024,35,6.7,19.38,15:10,-1.58,06:10,80.7,100,08:00,30.23,15:30,12.08,0.2,0,1.06,6.14,7.51
28,3,2024-02-05,2024,36,6.31,17.71,14:50,-1.31,06:40,84.3,100,06:40,40.29,14:50,10.2,0.2,0,1,6.05,7.33
28,3,2024-02-06,2024,37,8.12,16.44,15:00,1.59,04:20,84.6,100,07:20,59.48,15:10,8.27,0,0,1.08,6.72,7.34
28,3,2024-02-07,2024,38,9.14,13.22,15:40,5.56,22:50,91.9,100,23:40,78.5,15:50,3.69,0,0,0.79,7.63,7.67
28,3,2024-02-08,2024,39,9.6,15.59,13:00,4.21,06:50,84.9,100,09:30,44.3,16:20,5.64,2.03,0,1.5,7.89,7.96
28,3,2024-02-09,2024,40,10.73,13.7,12:00,8.79,22:00,95.6,100,07:10,82.1,18:10,3.69,16.04,9.73,0.81,8.99,8.36
28,3,2024-02-10,2024,41,7.72,11.93,12:40,3.62,23:40,86.7,100,07:40,64.09,14:20,10.86,2.44,0,1.4,8.98,8.8
28,3,2024-02-11,2024,42,5.29,9.19,14:40,0.85,05:20,93.7,100,23:10,79.1,14:50,4.76,0.61,0,0.73,7.66,8.63
28,3,2024-02-12,2024,43,10.25,15.98,14:10,6.3,04:00,93.5,100,07:40,73.8,15:50,7.4,0.2,0,1.16,8.49,8.48
28,3,2024-02-13,2024,44,12.22,18.72,15:10,6.57,04:00,90,100,23:50,62.83,12:10,10.48,0,0,1.33,9.51,8.85
28,3,2024-02-14,2024,45,12.86,20.73,14:00,7.25,02:00,90.9,100,10:10,61.54,14:30,10.16,0,0,1.29,10.28,9.4
28,3,2024-02-15,2024,46,11.2,14.45,15:50,7.92,02:30,97.4,100,04:30,82.4,12:10,2.76,2.64,0,0.74,10.36,9.84
28,3,2024-02-16,2024,47,11.17,17.3,16:00,4.02,23:50,81.3,100,03:50,49.2,15:40,12.77,0,0,1.76,10.6,10.04
28,3,2024-02-17,2024,48,8.21,18.97,16:20,0.25,06:30,80.3,100,07:20,34.28,16:50,14.3,0,0,1.48,8.99,9.93
28,3,2024-02-18,2024,49,7.89,19.18,15:00,-0.56,07:20,80.2,100,07:30,36.98,16:20,13.96,0.2,0,1.5,8.27,9.46
28,3,2024-02-19,2024,50,9.34,21.06,15:00,0.99,07:10,81.4,100,07:20,42.04,15:30,14.12,3.45,0.56,1.62,,9.17
28,3,2024-02-20,2024,51,8.01,20.26,14:30,-0.83,05:40,77.8,100,06:40,34.9,12:30,16.04,0,0,1.68,,9.09
28,3,2024-02-21,2024,52,8.92,18.18,12:50,0.05,05:40,79.5,100,06:20,46.91,13:00,11.4,0.2,0,1.63,,9.04
28,3,2024-02-22,2024,53,11.26,15.65,14:40,4.89,07:30,82.4,99.4,08:00,62.06,13:10,7.89,0.41,0,1.65,,9.32
28,3,2024-02-23,2024,54,7.16,12.08,14:50,1.93,05:40,72.4,91.5,23:50,51.13,13:20,11.86,0,0,1.94,,9.51
28,3,2024-02-24,2024,55,7.16,13.01,14:10,3.14,22:20,73,93.5,02:10,39.17,17:10,13.78,0,0,2.28,,9.32
28,3,2024-02-25,2024,56,10.67,15.38,14:40,6.11,00:00,85.7,99.8,10:00,58.89,14:00,5.86,2.44,0,1.76,,9.32
28,3,2024-02-26,2024,57,9.51,12.74,14:10,6.77,23:50,70.4,97.1,07:30,40.86,14:10,13.29,0.81,0,2.32,,9.64
28,3,2024-02-27,2024,58,7.34,13.35,14:30,2.54,23:50,55.23,71.1,07:30,39.1,15:00,11.71,0,0,2.17,,9.69
28,3,2024-02-28,2024,59,6.47,16.23,14:20,-2.86,04:40,67.84,97.8,07:10,39.49,14:00,16.83,0,0,1.94,,9.26
28,3,2024-02-29,2024,60,7.34,17.64,15:10,-2.18,07:10,68.84,100,07:20,39.1,17:40,16.42,0,0,2.45,,9.03
28,3,2024-03-01,2024,61,7.61,14.68,15:10,0.11,02:10,59.83,92.5,22:50,37.74,15:10,17.03,0,0,2.32,,9.03
28,3,2024-03-02,2024,62,6.08,11.01,12:20,-0.16,22:20,85.1,100,23:00,67.03,10:00,5.55,13.4,7.98,1.18,,9.07
28,3,2024-03-03,2024,63,5.73,11.13,14:10,0.24,06:40,80.8,100,00:00,47.15,14:30,13.57,0.61,0,1.89,,8.69
28,3,2024-03-04,2024,64,9.45,13.97,15:00,4.42,00:30,86.1,97.1,22:40,69.23,14:10,9.73,0,0,1.56,,8.73
28,3,2024-03-05,2024,65,6.77,14.89,15:00,0.04,06:10,78.8,100,07:10,39.63,14:30,16.56,0,0,2.01,,8.96
28,3,2024-03-06,2024,66,6.89,17.17,14:10,-1.91,06:30,76.7,100,07:10,36.17,15:10,17.34,0,0,1.93,,8.94
28,3,2024-03-07,2024,67,7.47,14.3,13:10,1.12,04:50,83.9,100,05:20,50.72,13:20,6.45,2.23,0,1.49,,9.02
28,3,2024-03-08,2024,68,8.1,12.41,13:20,4.49,00:30,79.07,97.9,23:50,56.12,14:30,11.58,3.32,0.45,1.85,,9.04
28,3,2024-03-09,2024,69,6.56,10.55,13:20,3.68,20:30,91.4,99.1,02:30,65.12,14:30,7.85,10.76,6.16,1.36,8.91,9.19
28,3,2024-03-10,2024,70,8.89,13.69,15:10,5.77,00:40,85.1,100,08:10,61.52,15:20,12.2,5.48,2.24,1.91,9,9.18
28,3,2024-03-11,2024,71,8.42,15.16,14:40,2.87,23:30,77.6,99.7,04:30,43.08,16:30,16.79,0,0,2.4,9.38,9.34
28,3,2024-03-12,2024,72,8.1,18.11,15:10,-0.16,05:30,80.8,100,06:10,41.17,16:50,19.31,0,0,2.16,9.33,9.45
28,3,2024-03-13,2024,73,9.91,20.86,14:30,1.39,06:50,80.5,100,06:50,38.06,14:10,18.56,0,0,2.29,9.84,9.62
28,3,2024-03-14,2024,74,9.74,18.18,12:40,2.26,06:40,85.9,100,06:40,58.39,12:40,12.81,0,0,1.92,10.29,9.93
28,3,2024-03-15,2024,75,11.2,20,15:10,2.13,05:50,83.9,100,06:20,53.45,15:30,17.19,0.2,0,2.39,10.68,10.13
28,3,2024-03-16,2024,76,11.96,21.34,15:10,4.35,04:40,89.7,100,10:30,57.69,14:50,13.95,0,0,1.98,11.44,10.53
28,3,2024-03-17,2024,77,13.59,23.28,14:00,5.29,06:40,84.4,100,08:40,43.51,14:10,15.73,0.2,0,2.26,12.25,10.99
28,3,2024-03-18,2024,78,13.66,22.15,15:20,5.83,05:20,85.1,100,08:10,52.5,16:00,12.49,0,0,1.94,12.68,11.47
28,3,2024-03-19,2024,79,15.78,25.56,14:20,8.25,06:10,77.7,100,08:10,30.96,14:50,16.72,0,0,2.54,13.65,11.95
28,3,2024-03-20,2024,80,15.2,23.42,12:50,6.91,06:40,75.3,100,04:10,41.9,12:50,13.12,0,0,2.45,13.83,12.45
28,3,2024-03-21,2024,81,16.62,25.1,13:20,9.67,02:50,69.24,100,07:30,33.46,13:40,17.46,0.41,0,3.2,14.27,12.77
28,3,2024-03-22,2024,82,15.9,26.12,14:10,7.85,06:10,72.9,99.2,02:50,28.87,15:30,16.9,0,0,2.84,14.38,13.09
28,3,2024-03-23,2024,83,15.11,25.24,13:30,6.5,04:40,74.4,100,05:00,34.54,15:50,15.87,0,0,2.72,14.22,13.28
28,3,2024-03-24,2024,84,14.34,23.43,13:30,6.64,06:00,73.5,99.4,06:40,32.45,14:20,15.55,0,0,2.86,14.02,13.35
28,3,2024-03-25,2024,85,12.26,16.93,14:40,8.72,23:50,94.8,100,10:40,75.1,00:00,4.89,8.12,4.25,1.2,13.94,13.42
28,3,2024-03-26,2024,86,7.07,11.67,13:30,3.81,21:20,79.4,100,22:40,43.63,16:10,14.53,2.64,0,2.38,12.83,13.23
28,3,2024-03-27,2024,87,9.46,14.17,12:10,6.04,03:20,95.4,100,19:30,75.9,12:10,7.9,19.69,12.1,1.41,11.88,12.65
28,3,2024-03-28,2024,88,12.16,17.39,16:00,7.45,06:10,85.9,100,23:10,59.27,16:40,14,11.37,6.6,2.36,12.59,12.44
28,3,2024-03-29,2024,89,7.9,11.96,00:30,4.02,23:40,98,100,00:10,86.1,17:10,5.43,9.95,5.58,0.95,12.45,12.62
28,3,2024-03-30,2024,90,8.26,13.16,11:20,3.48,00:00,91,100,00:30,62.13,13:20,11.44,5.08,1.91,1.74,11.65,12.25
28,3,2024-03-31,2024,91,6.92,11.28,15:10,3.48,23:50,94.9,100,05:20,68.7,16:30,8.77,8.93,4.85,1.39,11.16,12
28,3,2024-04-01,2024,92,7.7,15.03,14:40,1.18,05:30,87.8,100,05:40,47.74,15:20,18.76,0.41,0,2.6,10.9,11.61
28,3,2024-04-02,2024,93,9.57,17.86,14:40,1.45,04:40,83.2,100,04:00,43.54,14:10,13.77,0.2,0,2.15,11.16,11.51
28,3,2024-04-03,2024,94,12.17,19.85,15:10,4.82,01:20,83,100,04:30,48.11,14:40,20.85,0,0,2.97,12.46,11.75
28,3,2024-04-04,2024,95,13.33,23.69,15:20,3.61,05:10,77.8,100,05:10,38.52,16:20,21.44,0,0,3.12,12.98,12.19
28,3,2024-04-05,2024,96,15.53,26.45,16:00,5.77,04:50,71.5,100,06:50,31.37,15:10,18.92,0,0,3.35,13.76,12.64
28,3,2024-04-06,2024,97,18.89,26.18,14:30,12.69,06:00,59.4,96.8,22:30,30.91,10:50,12.53,0,0,2.94,14.51,13.13
28,3,2024-04-07,2024,98,17.25,24.89,14:20,11.28,04:00,76.6,100,06:40,43.92,12:50,20,0,0,3.36,15.43,13.64
28,3,2024-04-08,2024,99,13.21,20.94,12:50,8.13,23:20,82.2,100,03:40,45.82,12:00,18.7,3.25,0.39,3.28,15.25,14.08
28,3,2024-04-09,2024,100,10.34,17.91,17:10,2.33,06:00,64.9,100,23:20,29.5,12:20,24.35,0,0,3.23,13.86,13.92
28,3,2024-04-10,2024,101,11.95,21.81,16:50,1.52,05:40,71,100,06:00,32.93,13:20,23.97,0,0,3.34,13.19,13.47
28,3,2024-04-11,2024,102,16.44,27.24,15:40,4.89,05:40,64.21,100,06:00,31.16,16:20,24.3,0,0,3.92,13.97,13.43
28,3,2024-04-12,2024,103,16.09,25.9,16:30,5.02,05:40,58.29,96.9,05:50,22.8,16:40,25.11,0,0,3.94,14.6,13.77
28,3,2024-04-13,2024,104,16.65,28.25,16:00,6.1,05:10,65.12,100,06:10,22.93,15:30,25.16,0,0,4,14.77,14
28,3,2024-04-14,2024,105,17.75,27.98,17:00,7.59,06:10,60.8,98.3,23:50,24.08,16:50,24.94,0,0,4.12,15.17,14.24
28,3,2024-04-15,2024,106,18.51,30.07,14:00,8.6,04:10,66.42,100,05:40,24.75,15:30,23.99,0,0,4.36,15.6,14.5
28,3,2024-04-16,2024,107,17.28,27.79,14:00,6.64,05:50,61.47,100,04:10,23.07,16:40,25.06,0,0,4.34,15.67,14.78
28,3,2024-04-17,2024,108,14.5,22.94,16:00,6.98,05:40,63.94,97.1,01:40,28.07,16:20,25.41,0,0,3.8,15.31,14.87
28,3,2024-04-18,2024,109,14.35,23.69,14:50,4.43,05:40,59.48,100,06:10,24.69,15:50,24.86,0,0,3.86,14.7,14.69
28,3,2024-04-19,2024,110,14.5,23.95,15:10,4.16,05:40,61.9,92.4,03:50,31.3,16:40,25.38,0,0,3.86,14.81,14.59
28,3,2024-04-20,2024,111,15.86,25.77,15:40,6.98,05:40,65.02,100,06:00,24.29,17:50,23.84,0,0,3.8,15.18,14.7
28,3,2024-04-21,2024,112,15.51,25.84,14:30,6.04,05:30,50.33,87.5,05:40,18.15,14:40,26.18,0,0,4.03,15.1,14.8
28,3,2024-04-22,2024,113,12.83,20.34,13:20,5.04,05:40,43.33,69.86,05:40,21.46,14:00,26.38,0,0,3.92,14.67,14.77
28,3,2024-04-23,2024,114,10.33,18.58,16:00,-0.02,05:50,50.08,90.9,06:00,27.74,14:40,23.85,0,0,3.34,13.8,14.5
28,3,2024-04-24,2024,115,11.29,20.26,16:00,0.79,05:20,55.25,100,06:10,22.88,14:10,25.5,0,0,3.57,13.71,14.22
28,3,2024-04-25,2024,116,12.23,23.01,13:20,2.94,03:00,63.5,100,03:10,27.93,13:50,19.44,0,0,3.32,13.7,14.11
28,3,2024-04-26,2024,117,12.58,20.47,14:30,4.42,02:50,66.97,100,03:20,34.69,13:50,18.89,0,0,3.3,13.89,14.1
28,3,2024-04-27,2024,118,12.57,18.06,14:50,6.91,23:40,75.3,100,05:30,41.59,17:40,18.27,3.04,0.21,3.17,14.54,14.28
28,3,2024-04-28,2024,119,10.99,19.85,15:40,2.13,05:30,69.7,100,05:10,30.97,15:40,21.25,0,0,3.08,13.65,14.22
28,3,2024-04-29,2024,120,12.33,21.21,13:30,4.29,02:00,71.7,100,04:30,33,14:00,20.62,0.41,0,3.23,13.55,14.01
28,3,2024-04-30,2024,121,13.72,20.87,12:10,5.43,04:00,68.01,100,06:30,29.49,13:20,22.71,0,0,4.02,14.24,14.12
28,3,2024-05-01,2024,122,10.02,15.11,10:30,6.51,23:50,75.6,93.7,04:10,40.38,11:10,13.01,4.47,1.42,2.71,13.84,14.28
28,3,2024-05-02,2024,123,10.32,19.06,15:00,2.81,05:10,68.16,100,05:50,32.47,16:30,23.95,0,0,3.74,13.2,13.9
28,3,2024-05-03,2024,124,12.46,21.88,14:10,1.06,05:40,64.35,100,05:30,26.99,15:00,25.59,0,0,3.99,13.12,13.73
28,3,2024-05-04,2024,125,16.82,26.98,15:00,5.3,05:10,62.88,100,05:40,28.66,15:30,25.58,0,0,4.54,14.46,13.93
28,3,2024-05-05,2024,126,16.45,21.55,16:00,10.48,05:10,79.1,100,23:40,54.4,16:00,14.27,5.48,2.24,2.78,15.43,14.56
28,3,2024-05-06,2024,127,15.72,22.22,12:50,9.26,23:50,76.3,100,00:20,45.29,16:50,18.11,0.2,0,3.3,15.85,14.95
28,3,2024-05-07,2024,128,15.45,24.49,15:50,4.29,04:50,63.13,100,06:10,29.27,15:10,27.37,0,0,4.23,15.18,15.05
28,3,2024-05-08,2024,129,16.19,26.05,17:20,6.18,05:10,59.4,97.9,05:10,26.91,15:30,27.83,0,0,4.43,15.45,15.1
28,3,2024-05-09,2024,130,17.64,29.72,16:20,5.91,05:20,63.9,100,05:40,22.18,16:00,25.28,0,0,4.34,15.56,15.2
28,3,2024-05-10,2024,131,20.95,31.6,15:30,8.66,05:10,51.92,99.7,03:50,19.69,15:50,27.57,0,0,5.05,16.59,15.51
28,3,2024-05-11,2024,132,21.11,30.47,12:30,10.95,05:10,47.55,95.6,23:50,22.73,12:10,26.03,0,0,4.9,17.53,16.06
28,3,2024-05-12,2024,133,20.12,31,14:10,9.33,05:30,61.12,100,04:00,25.22,16:00,24.15,0,0,4.53,17.73,16.5
28,3,2024-05-13,2024,134,21.07,30.4,14:20,10.28,05:10,60.34,100,05:30,29.33,14:50,25.25,0,0,5.43,18.25,16.83
28,3,2024-05-14,2024,135,16.39,24.23,14:20,10.95,05:20,55.21,97.5,02:00,29.21,14:20,25.61,1.01,0,4.96,18.4,17.24
28,3,2024-05-15,2024,136,14.32,21.61,14:10,7.51,05:30,52.68,91.6,05:30,24.9,16:50,22.69,0,0,4.14,17.49,17.17
28,3,2024-05-16,2024,137,13.79,21.47,14:50,7.12,03:00,60.84,94,03:00,34.69,13:50,23.24,0,0,4.06,16.85,16.87
28,3,2024-05-17,2024,138,15.26,22.95,14:40,7.59,02:10,67.59,100,05:10,32.72,15:30,19.82,0,0,3.84,17,16.73
28,3,2024-05-18,2024,139,15.9,27.1,16:00,4.63,04:50,58.26,100,05:40,21.85,14:30,28.24,0,0,4.69,17.11,16.71
28,3,2024-05-19,2024,140,15.21,26.91,12:30,5.97,04:50,63.5,100,05:40,25.49,13:40,25.12,0,0,4.6,17.41,16.85
28,3,2024-05-20,2024,141,14.67,27.65,13:30,4.96,03:20,70,100,23:50,25.56,13:30,22.95,0.81,0,4.16,17.37,16.95
28,3,2024-05-21,2024,142,16.02,25.77,13:10,8.26,01:30,68.52,100,06:00,26.58,14:10,26.47,2.84,0.03,4.91,17.87,17.07
28,3,2024-05-22,2024,143,15.63,25.7,13:20,6.17,05:10,64.63,100,06:30,25.7,16:30,23.73,0.2,0,4.28,17.7,17.22
28,3,2024-05-23,2024,144,17.36,28.98,15:40,4.5,04:50,55.04,100,05:40,16.18,17:30,29.08,0,0,4.75,17.76,17.16
28,3,2024-05-24,2024,145,19.67,32,14:40,8.94,04:30,48.88,92.3,05:10,14.7,16:20,29.25,0,0,5.5,18.82,17.43
28,3,2024-05-25,2024,146,21.03,33.56,12:00,8.39,03:10,45.82,98.3,05:30,14.63,16:00,29.56,0,0,6.05,19.88,17.97
28,3,2024-05-26,2024,147,21.44,34.82,14:20,7.32,04:30,44.26,84.9,04:30,15.51,13:00,28.7,0,0,5.8,20.51,18.52
28,3,2024-05-27,2024,148,22.89,35.16,14:40,10.82,04:50,46.97,95.8,04:00,15.24,18:00,28.16,0,0,5.4,21.44,19.1
28,3,2024-05-28,2024,149,23.34,34.22,16:20,14.04,05:10,56,96.3,23:50,17.46,16:10,28.18,0,0,5.35,22.28,19.68
28,3,2024-05-29,2024,150,24.84,37.57,14:30,12.84,04:10,50.85,96.8,04:00,14.43,17:50,29.04,0,0,5.72,22.96,20.24
28,3,2024-05-30,2024,151,26.25,37.91,14:40,13.18,05:10,44.36,91.6,05:10,14.69,14:40,29,0,0,5.9,23.66,20.8
28,3,2024-05-31,2024,152,23.63,32.41,14:40,15.58,05:50,38.05,58.72,00:00,20.63,17:00,28.81,0,0,5.85,24.42,21.45
28,3,2024-06-01,2024,153,21.03,30.87,14:30,12.02,04:50,44.13,64.59,05:20,19.96,14:50,29.18,0,0,5.74,23.78,21.67
28,3,2024-06-02,2024,154,21.09,31.6,14:10,11.55,04:30,44.93,69.67,20:50,19.15,18:10,29.68,0,0,5.42,23.63,21.67
28,3,2024-06-03,2024,155,22.94,34.55,13:50,13.57,04:00,49.85,86.1,04:00,19.82,13:50,28.39,0,0,5.67,23.92,21.78
28,3,2024-06-04,2024,156,24.2,36.03,14:10,13.71,04:50,51.61,96.3,04:50,18,14:10,28.28,0,0,5.7,24.62,22.09
28,3,2024-06-05,2024,157,25.28,36.64,12:50,13.31,05:20,49,93.8,01:30,16.11,15:10,26.81,0,0,5.58,25.1,22.47
28,3,2024-06-06,2024,158,27.11,38.71,14:00,13.98,04:20,42.73,90.2,04:30,14.69,14:00,26.35,0,0,5.64,25.69,22.87
28,3,2024-06-07,2024,159,26.86,36.51,14:00,17.61,05:10,35.19,64.02,05:50,18.2,16:40,19.81,0,0,5.24,25.83,23.31
28,3,2024-06-08,2024,160,18.9,23.37,08:40,15.92,23:10,84.3,100,16:20,53.8,00:00,8.27,7.71,3.95,2.06,24.19,23.3
28,3,2024-06-09,2024,161,20.22,25.89,16:30,14.44,04:40,75.9,100,03:40,45.4,16:30,17.61,0.41,0,3.69,22.75,22.43
28,3,2024-06-10,2024,162,17.26,20.67,15:50,14.71,23:40,94.1,100,08:10,71.5,18:10,10.39,6.7,3.19,2.09,21.81,21.98
28,3,2024-06-11,2024,163,19.21,28.24,16:40,11.15,05:20,63.99,100,00:20,27.85,15:20,27.89,0,0,4.92,21.54,21.33
28,3,2024-06-12,2024,164,19.72,29.73,12:40,12.42,05:10,66.38,100,04:50,29.8,13:20,24.28,0.41,0,4.73,21.88,21.26
28,3,2024-06-13,2024,165,21.1,32.34,15:00,10.41,05:00,59.2,100,02:10,21.98,14:40,28.91,0,0,5.74,22.2,21.24
28,3,2024-06-14,2024,166,23.15,34.09,13:40,9.81,04:40,50.97,100,04:40,14.36,14:30,29.62,0,0,6.35,22.96,21.47
28,3,2024-06-15,2024,167,22.62,30.73,13:10,13.44,23:50,47.67,100,05:20,12.88,17:00,29.57,0,0,6.19,23.84,21.94
28,3,2024-06-16,2024,168,22.1,34.22,14:40,9.14,04:30,44.84,96,04:10,15.64,12:40,29.82,0,0,6.02,23.54,22.14
28,3,2024-06-17,2024,169,23.54,33.74,15:20,12.23,04:20,45.17,92.6,05:30,14.9,16:30,29.89,0,0,6.16,24.24,22.34
28,3,2024-06-18,2024,170,19.78,31.67,13:40,11.96,23:30,64.04,100,23:10,19.55,13:40,19.13,0,0,4.78,23.85,22.62
28,3,2024-06-19,2024,171,18.24,27.24,14:40,10.28,04:40,71.5,100,05:40,31.16,17:00,23.84,0,0,4.59,23.17,22.36
28,3,2024-06-20,2024,172,17.58,25.56,12:20,11.69,05:10,70.9,100,03:30,33.46,15:20,22.33,0.41,0,4.36,22.78,22.19
28,3,2024-06-21,2024,173,20.93,31.26,15:20,9.54,03:20,58.12,100,04:20,23.53,17:50,29.07,0,0,5.28,23.01,21.95
28,3,2024-06-22,2024,174,23.09,34.62,15:00,9.94,05:00,50.69,100,05:00,19.89,15:00,24.4,0,0,5.16,23.79,22.23
28,3,2024-06-23,2024,175,25.12,33.21,16:10,14.98,05:00,47.81,85.7,05:20,27.77,16:50,28.36,0,0,5.64,24.88,22.67
28,3,2024-06-24,2024,176,25.73,36.63,16:20,15.99,05:20,51.85,91.2,05:20,22.51,18:00,29.07,0,0,5.8,25.9,23.28
28,3,2024-06-25,2024,177,26.9,38.98,15:00,17.2,04:40,55.15,98.3,23:50,20.42,15:30,27.28,0.41,0,5.92,26.56,23.83
28,3,2024-06-26,2024,178,24.01,33.3,12:10,18.34,23:10,65.75,100,01:00,37.35,12:30,16.22,0.2,0,3.88,26.14,24.31
28,3,2024-06-27,2024,179,26.55,36.03,14:30,17.74,01:40,44.99,93,01:40,20.15,14:30,21.71,0,0,5.05,25.63,24.01
28,3,2024-06-28,2024,180,21.98,29.32,10:30,16.59,23:50,61.99,100,23:50,43.54,00:00,16.53,2.03,0,3.97,25.48,24.14
28,3,2024-06-29,2024,181,19.82,25.44,17:20,15.05,05:10,81.3,100,02:20,55.05,17:10,13.1,0.2,0,3.17,23.89,23.74
28,3,2024-06-30,2024,182,21.56,29.6,16:00,15.58,04:40,71.1,100,05:00,33.58,16:50,19.85,0,0,4.21,23.6,23.14
28,3,2024-07-01,2024,183,23.46,33.15,14:20,12.56,04:50,56.45,100,05:40,24.14,14:20,23.39,0,0,4.71,23.98,22.98
28,3,2024-07-02,2024,184,24.9,34.08,16:40,14.65,04:40,45.16,89.9,04:40,21.57,14:40,28.93,0,0,5.76,24.92,23.21
28,3,2024-07-03,2024,185,25.17,36.83,16:20,11.62,05:10,42.76,99.7,05:10,13.28,17:10,29.43,0,0,5.68,25.71,23.64
28,3,2024-07-04,2024,186,27.76,39.32,18:00,14.86,05:00,39.79,83.5,03:30,14.08,15:30,29.26,0,0,6.01,26.63,24.1
28,3,2024-07-05,2024,187,30.22,39.78,16:30,19.42,05:20,33.85,61.58,05:20,17.92,17:00,28.1,0,0,6.66,27.77,24.74
28,3,2024-07-06,2024,188,27.77,34.01,15:50,20.49,23:50,39.12,67.71,23:50,20.83,17:30,28.38,0,0,7.1,28.56,25.43
28,3,2024-07-07,2024,189,24.43,33.21,16:30,16.13,05:20,52.37,97.9,23:00,18.67,16:00,28.99,0,0,5.97,28.23,25.76
28,3,2024-07-08,2024,190,24.46,34.42,14:10,12.24,05:30,47.11,100,05:40,15.77,13:30,29.08,0,0,5.75,27.61,25.71
28,3,2024-07-09,2024,191,24.76,34.42,14:10,13.38,04:20,44.6,97.8,03:50,18.07,16:40,28.56,0,0,6.04,27.61,25.65
28,3,2024-07-10,2024,192,26.1,35.09,15:00,16.2,04:20,54.38,99.2,04:20,22.45,16:40,28.38,0,0,6.17,28.22,25.78
28,3,2024-07-11,2024,193,28.07,37.44,14:50,16.87,05:00,50.99,97,01:30,24.13,16:30,28.25,0,0,6.62,29,26.15
28,3,2024-07-12,2024,194,26.06,35.36,16:10,15.25,05:20,43.1,92.8,05:20,13.68,17:20,29.22,0,0,5.84,29.01,26.52
