IdProvincia,IdEstacion,Fecha,Año,Dia,Temp Media (ºC),Temp Max (ºC),Hora Temp Max,Temp Min (ºC),Hora Temp Min,Humedad Media (%),Humedad Max (%),Hora Hum Max,Humedad Min (%),Hora Hum Mín,Velviento (m/s),DirViento (º),VelVientoMax (m/s),Hora VelMax,Dir viento Vel Max (º),Radiación (MJ/m2),Precipitation (mm),P.Efect,ETo (mm)
47,101,2023-12-12,2023,346,10.74,13.66,12:30,8.96,24:00:00,93.48,98.25,18:00,86.12,12:30,3.02,235.12,4.47,15:00,256.64,2.48,4.02,1.04,0.65
47,101,2023-12-13,2023,347,6.9,10.05,14:30,3.84,24:00:00,79.51,94.06,00:30,55.19,14:30,2.73,229.34,4.09,12:30,203.6,8.14,0,0,0.99
47,101,2023-12-14,2023,348,3.99,9.55,15:10,-0.45,07:00,81.5,95.8,08:00,56.86,14:40,0.89,296.5,4.49,01:39,220.5,7.67,0,0,0.5
47,101,2023-12-15,2023,349,3.51,10.3,14:50,-1.52,07:50,88.4,97.8,08:30,71.2,12:30,0.83,305.2,3.89,16:09,323.6,6.3,0.2,0,0.45
47,101,2023-12-16,2023,350,2.8,9.15,15:20,-1.45,07:30,90.5,97.8,23:50,68.39,15:00,0.75,208.7,3.48,19:23,120.9,6.76,0.4,0,0.41
47,101,2023-12-17,2023,351,0.64,1.48,01:10,-0.59,10:10,98.6,99.1,10:20,97.8,00:00,0.8,344.3,2.93,09:36,0,1.89,0.2,0,0.31
47,101,2023-12-18,2023,352,-0.48,0.68,00:30,-1.44,09:00,99.34,99.62,19:30,98.8,01:00,0.73,341.84,1.25,06:00,1.98,1.72,0.2,0,0.3
47,101,2023-12-19,2023,353,-2.01,-1.25,15:30,-3.18,08:00,99.11,99.62,07:30,97.88,16:30,0.7,204.04,1.06,22:00,286.56,2.38,0,0,0.27
47,101,2023-12-20,2023,354,1.48,7.39,16:00,-1.76,00:30,95.99,99.29,24:00:00,82.4,16:00,0.58,209.02,1.18,15:30,270.34,6.2,0.9,0,0.3
47,101,2023-12-21,2023,355,0.97,7.83,15:30,-2.21,02:30,96.8,99.56,10:00,84.2,16:00,0.62,153.98,1.4,16:00,257.75,6.14,0.28,0,0.3
47,101,2023-12-22,2023,356,0.39,8.34,16:30,-2.61,08:30,98.26,100,13:00,89.2,16:30,0.84,357.77,1.59,13:00,336.3,5.2,1.2,0,0.31
47,101,2023-12-23,2023,357,1.41,8.08,16:30,-2.82,07:00,95.91,100,00:30,79.8,15:50,0.81,299.89,2.22,14:00,301,6.27,0.4,0,0.34
47,101,2023-12-24,2023,358,-0.36,1.14,15:00,-1.87,04:10,98.8,99.2,23:30,98,00:00,0.58,243.1,2.54,07:24,246.3,1.82,0.2,0,0.31
47,101,2023-12-25,2023,359,-1.15,0.21,15:10,-2.33,08:30,97.6,99.6,06:00,93.7,15:40,0.73,257.1,2.74,04:31,309.2,2.38,0,0,0.3
47,101,2023-12-26,2023,360,-1.25,3.24,16:00,-3.1,08:30,95.96,98.9,22:40,76.4,16:30,0.87,306.02,1.65,19:30,313,4.95,0,0,0.34
47,101,2023-12-27,2023,361,-1.34,0.78,16:00,-3.33,08:00,98.84,99.66,21:00,98.2,08:00,1.01,151.15,2.26,16:30,134.7,2.79,0.08,0,0.26
47,101,2023-12-28,2023,362,3.98,8.46,16:00,-0.1,00:30,96.15,99.72,02:00,87.83,12:30,0.62,151.75,1.31,13:00,125.52,2.96,0.12,0,0.39
47,101,2023-12-29,2023,363,6.96,8.48,15:30,5.49,07:00,98.64,99.62,22:30,95.78,11:30,0.67,160.69,1.5,10:00,177.22,2.11,1.25,0,0.4
47,101,2023-12-30,2023,364,7.2,9.86,15:00,5.12,01:30,97.8,99.81,10:30,88.9,15:00,1.67,199.89,3.33,23:30,224.29,3.7,0.88,0,0.44
47,101,2023-12-31,2023,365,6.56,9.58,14:00,1.93,24:00:00,84.95,94.2,23:50,60.31,16:00,2.95,203.6,4.84,11:30,194.3,6.18,0.86,0,0.97
47,101,2024-01-01,2024,1,3.49,9.38,15:00,-0.01,08:30,87.86,98.2,10:30,61.52,15:00,1.28,159.34,3.12,14:30,151.3,5.74,0.06,0,0.63
47,101,2024-01-02,2024,2,7.31,10.91,14:10,2.68,02:30,87.9,96.1,23:50,79.4,15:00,3.24,138.8,8.66,20:37,144.8,2.04,2.8,0,0.76
47,101,2024-01-03,2024,3,9.3,11.91,11:50,4.03,23:30,92.5,97.3,04:50,78.5,14:00,2.36,152.8,6.78,12:46,184.5,2.12,6.4,2.95,0.73
47,101,2024-01-04,2024,4,6.54,9.2,13:00,4.4,24:00:00,98.29,99.69,09:30,93.38,16:00,1.28,209.99,3.04,13:00,143.7,2.69,3.43,0.54,0.41
47,101,2024-01-05,2024,5,4.4,7.87,13:30,1.13,08:30,83.14,99.56,01:30,60.04,15:00,1.97,242.27,3.59,12:00,230.7,6.84,0.12,0,0.72
47,101,2024-01-06,2024,6,3.17,8.68,14:30,-0.98,07:00,78.56,95.1,07:30,56.58,15:00,1.25,238.23,2.78,03:00,235.5,8.27,0,0,0.62
47,101,2024-01-07,2024,7,0.86,7.88,14:50,-3.66,07:40,85.9,98.3,08:00,55.99,15:20,0.56,273.7,3.85,14:56,282.4,8.4,0.2,0,0.4
47,101,2024-01-08,2024,8,-0.29,4.88,15:20,-4.86,07:50,92.1,98.5,10:40,73.1,15:20,0.43,310.3,2.33,09:19,321.3,5.16,0.2,0,0.36
47,101,2024-01-09,2024,9,2.81,4.3,15:00,1.28,08:00,89.1,95.7,08:30,77.6,14:10,0.44,280.3,1.98,06:59,342.9,1.78,0,0,0.44
47,101,2024-01-10,2024,10,4.31,6.43,13:30,2.8,05:00,97.23,99.53,09:30,91.4,01:30,1.18,239.8,2.9,14:00,261.55,1.82,4.65,1.56,0.41
47,101,2024-01-11,2024,11,1.62,5.27,13:30,-1.62,08:00,88.01,97.3,09:10,68.53,13:30,0.95,355.12,2.23,21:00,316.6,5.47,0.2,0,0.48
47,101,2024-01-12,2024,12,-0.02,4.46,15:30,-3.28,07:30,87.02,94.3,21:50,69.6,15:30,1.11,323.22,2.4,10:30,324.2,6.21,0.2,0,0.48
47,101,2024-01-13,2024,13,3.18,7.55,15:30,-0.7,00:30,91.07,99.14,24:00:00,70.4,14:00,0.83,70.98,2.33,04:00,326.2,3.3,1.56,0,0.53
47,101,2024-01-14,2024,14,7.76,10.44,16:30,4.9,01:00,99.24,99.66,08:30,97.95,16:30,0.98,204.63,2.79,14:00,260.47,2.37,14.6,8.77,0.42
47,101,2024-01-15,2024,15,11.33,14.41,14:00,9.36,00:30,97.89,99.66,04:30,85,14:00,2.26,255.82,4.53,13:30,174.7,3.4,7.64,3.89,0.66
47,101,2024-01-16,2024,16,11.29,14.36,15:00,8.91,03:00,91.9,99.62,04:30,68.15,16:00,2.68,258.55,5.52,22:00,271.5,3.22,2.67,0,1.03
47,101,2024-01-17,2024,17,10.39,12.11,13:00,8.44,23:30,91.38,97.96,01:00,85.43,16:00,5.56,266.23,6.88,20:00,234.43,4.62,23.89,14.69,0.75
47,101,2024-01-18,2024,18,9.32,12,13:00,6.34,24:00:00,84.01,92.4,23:30,70.4,14:00,3.63,215.74,6.97,11:00,170.7,6.37,1.06,0,1.11
47,101,2024-01-19,2024,19,2.66,6.07,01:00,-1.62,24:00:00,73.38,98.49,01:00,49.94,13:30,4.35,91.94,6.98,15:30,328,3.6,3.48,0.58,1.24
47,101,2024-01-20,2024,20,-0.83,5.07,15:30,-5.37,07:30,79.32,97.8,00:00,52.48,15:00,0.93,21.3,2.21,16:00,107,9.76,0,0,0.57
47,101,2024-01-21,2024,21,1.7,9.36,15:50,-2.46,00:00,89.9,99,08:40,62.97,15:40,0.77,120.3,4.02,14:32,149.5,7.68,0,0,0.59
47,101,2024-01-22,2024,22,7.64,12.38,15:40,1.22,00:20,88.4,95.7,00:40,79.4,14:10,1.87,152.2,5.03,15:17,171.8,3.36,0,0,0.73
47,101,2024-01-23,2024,23,9.99,11.94,15:30,8.75,08:00,96.18,99.62,24:00:00,90.9,00:30,0.72,191.55,2.11,01:00,166.2,2.97,0.32,0,0.54
47,101,2024-01-24,2024,24,8.29,9.88,15:30,6.1,24:00:00,99.65,99.78,10:00,99.1,16:30,0.67,190.24,0.97,18:30,309.01,3.4,0.4,0,0.47
47,101,2024-01-25,2024,25,5.28,7.88,16:00,3.62,08:30,99.62,99.84,21:30,96.79,16:00,0.59,215.19,1.05,24:00:00,237.88,3.92,0.4,0,0.45
47,101,2024-01-26,2024,26,4.9,11.89,16:30,1.38,08:30,98.68,99.84,00:30,86.6,16:30,0.54,98.22,1.45,01:00,56.74,5.82,0.26,0,0.54
47,101,2024-01-27,2024,27,5.97,14.28,16:00,1.17,08:00,93.17,99.84,01:30,68.64,15:30,0.22,49.38,1.13,09:30,146.27,6.89,0.2,0,0.59
47,101,2024-01-28,2024,28,6.87,16.34,15:30,0.73,08:00,88.35,98.5,09:50,51.62,15:00,0.28,37.98,0.92,08:00,116.14,7.99,0.2,0,0.68
47,101,2024-01-29,2024,29,7.83,15.76,14:20,3.15,06:00,85.2,97.5,07:50,54.56,14:20,0.23,308.1,2.1,09:49,345.7,6.63,0,0,0.67
47,101,2024-01-30,2024,30,6.12,14.4,16:00,0.88,07:30,91.84,99.47,09:00,66.48,16:00,1.27,317.86,2.06,24:00:00,309.2,8.04,0.36,0,0.92
47,101,2024-01-31,2024,31,4.32,12.07,17:00,1.39,06:00,95.28,99.84,10:30,72.3,17:00,0.92,326.55,2.11,02:30,325.5,6.84,0.2,0,0.72
47,101,2024-02-01,2024,32,5.14,15.16,16:30,-0.4,08:00,88.5,98.4,13:40,53.32,16:30,0.55,205,1.22,23:30,293.8,8.3,2.51,0,0.83
47,101,2024-02-02,2024,33,6.82,13.41,15:30,1.7,08:00,83.54,93.9,00:00,60.68,15:00,2,314.95,5.37,11:00,333.8,9.37,0.05,0,1.21
47,101,2024-02-03,2024,34,5.99,17.04,16:20,-0.12,08:00,83,99.1,09:00,41.82,16:20,0.82,313.4,2.81,05:01,329.4,8.86,0.2,0,1.15
47,101,2024-02-04,2024,35,5.96,18.58,16:50,-1.52,05:50,83.1,99.4,07:40,41.62,16:50,0.53,307,2.54,13:39,92,8.6,0.2,0,1.02
47,101,2024-02-05,2024,36,4.99,14.78,16:20,-0.98,05:30,87.9,99.4,07:10,56.25,15:30,0.52,307.2,2.24,15:56,155.8,6.44,0,0,0.82
47,101,2024-02-06,2024,37,6.29,14.58,15:20,1.62,06:40,84.9,98.4,07:00,51.69,16:10,0.72,154.7,4.19,15:49,170.9,6.27,0.2,0,0.95
47,101,2024-02-07,2024,38,7.57,12.45,16:20,1.82,01:40,85.4,95.2,07:10,70,17:00,2.42,151.6,6.27,16:55,196.3,2.75,0,0,1.02
47,101,2024-02-08,2024,39,9.51,12.02,14:00,7.68,00:30,75.62,91.8,00:30,46.9,14:30,4.59,235.24,7.87,15:30,267.25,3.32,0.62,0,1.94
47,101,2024-02-09,2024,40,8.74,10.73,12:30,6.7,23:30,96.58,98.83,08:30,93.67,12:00,2.79,265.11,4.79,17:00,275.98,3.06,16.78,10.21,0.55
47,101,2024-02-10,2024,41,5.24,8.64,16:00,1.65,24:00:00,80.27,96.1,01:00,53.18,15:30,4.04,225.29,6.2,11:30,188.5,9.98,0.82,0,1.48
47,101,2024-02-11,2024,42,4.79,8.93,14:00,0.6,05:00,86.94,97.32,24:00:00,67.49,14:30,2.97,150.1,5.01,11:30,148,5.19,0.4,0,1.03
47,101,2024-02-12,2024,43,10.26,14.72,15:30,6.54,00:30,80.57,98.77,01:00,54.34,14:00,2.87,208.09,5.09,09:30,177.5,11.1,0.46,0,1.71
47,101,2024-02-13,2024,44,9.77,16.25,16:00,5.84,05:50,90.6,97.3,23:40,68.92,16:40,1.19,161.8,5.05,15:54,186.6,5.52,0.8,0,1.04
47,101,2024-02-14,2024,45,10.92,17.58,15:40,7.03,02:00,90.6,97.9,07:20,65.49,15:10,0.68,329.1,3.8,11:18,310.3,6.96,0.2,0,1.05
47,101,2024-02-15,2024,46,11.18,17.54,13:00,7.53,24:00:00,89.91,98.98,24:00:00,66.52,13:30,2.13,232.84,4.53,14:00,265.22,4.86,10,5.62,1.31
47,101,2024-02-16,2024,47,7.7,13.23,17:00,3.73,06:00,86.34,97.8,09:10,57.02,17:30,0.96,269.27,2.03,10:00,115.9,8.94,0.2,0,1.14
47,101,2024-02-17,2024,48,6.54,14.21,17:00,0.46,07:30,82.74,99.49,06:00,47.79,17:00,0.74,332.58,1.84,10:00,351.4,12.45,0.06,0,1.25
47,101,2024-02-18,2024,49,7.4,16.64,16:40,0.62,07:40,82.8,98.8,07:30,52.01,16:50,0.37,351,2.64,23:11,308.1,11.04,0.2,0,1.12
47,101,2024-02-19,2024,50,10.02,15.91,13:00,4.09,23:50,75.7,96.2,04:10,42.83,14:50,1.82,317,7.94,12:41,8.28,12.78,0,0,1.87
47,101,2024-02-20,2024,51,6.62,17.77,15:50,-0.65,07:20,74.8,97.4,07:40,26.27,15:40,0.62,306.8,3.12,10:01,20.87,12.45,0.2,0,1.47
47,101,2024-02-21,2024,52,7.45,14.25,15:40,0.02,06:30,79.2,98,07:00,55.45,14:50,1.49,151.6,7.14,21:26,185.5,7.56,0.2,0,1.33
47,101,2024-02-22,2024,53,8.64,13.79,14:20,1.88,00:00,79.9,93,15:40,67.63,19:50,4.14,167.2,13.92,12:59,143.6,5.25,2.4,0,1.49
47,101,2024-02-23,2024,54,4.4,9.23,13:30,1.49,02:50,76.4,89.2,02:50,52.11,15:20,4.94,179.1,11.33,14:07,172.4,11.29,0.2,0,1.88
47,101,2024-02-24,2024,55,5.43,10.03,14:50,1.22,07:00,73.3,93,22:20,46.61,15:10,4.43,188.7,9.1,01:44,201,11.59,1.2,0,1.98
47,101,2024-02-25,2024,56,8.98,11.58,14:00,5.59,00:30,85.68,95.1,05:00,74,21:00,5.92,168.38,8.73,17:30,167.3,3.79,5,1.85,1.26
47,101,2024-02-26,2024,57,5.36,7.81,16:00,1.87,24:00:00,77.9,94.55,04:00,65.72,17:00,3.52,254.71,5.43,15:30,265.3,8.75,0,0,1.27
47,101,2024-02-27,2024,58,3.78,10.31,13:30,-0.99,23:30,70.73,93,00:00,40.72,14:00,2.2,293.19,5.35,10:30,289.7,12.54,0,0,1.76
47,101,2024-02-28,2024,59,4.12,12.16,14:50,-2.59,06:20,77,97,05:50,48.54,15:00,0.86,295.2,5.39,15:31,333.3,13.57,0,0,1.41
47,101,2024-02-29,2024,60,3.87,12.18,14:40,-1.52,06:20,79.9,98.7,07:00,44.4,14:40,2.35,195.5,10.45,14:34,192.5,8.24,4.2,1.2,1.71
47,101,2024-03-01,2024,61,4.73,9.37,13:20,-1.32,06:30,78.9,92,06:40,64.4,14:50,4.09,154.4,10.07,16:19,170.1,7.58,0,0,1.41
47,101,2024-03-02,2024,62,4.76,7.46,13:00,0.15,24:00:00,88.32,98.18,15:00,76.2,09:00,4.65,204.85,9.2,12:30,155.6,3.36,9.33,5.13,0.9
47,101,2024-03-03,2024,63,3.69,8.82,15:00,-1.45,06:00,82.7,98.21,05:00,52.88,15:00,2.58,220.3,4.95,16:30,196.5,12.12,0.12,0,1.55
47,101,2024-03-04,2024,64,7.46,11.82,15:30,4.48,24:00:00,81.68,96.6,06:00,55.34,17:00,3.49,191.38,6.16,14:30,192.5,8.34,0.93,0,1.73
47,101,2024-03-05,2024,65,5.04,10.64,16:30,0.58,24:00:00,79.19,94.8,23:50,47.8,16:30,1.28,232.82,2.52,11:30,159.4,14.51,0.06,0,1.63
47,101,2024-03-06,2024,66,5.19,13.56,15:50,-2.19,06:40,74.8,98.1,06:50,35.06,16:30,0.57,181.8,3.66,12:37,118.3,14.85,0,0,1.58
47,101,2024-03-07,2024,67,5.73,11.78,12:50,0.89,06:40,79.5,92.9,07:20,52.46,11:30,2.83,130.2,10.68,13:04,116.1,6.82,1.6,0,1.67
47,101,2024-03-08,2024,68,5.12,9.62,14:30,1.09,09:00,84.51,99.03,09:30,60.91,14:30,4.63,166.54,8.34,14:00,163,7.88,15.09,9.12,1.52
47,101,2024-03-09,2024,69,4.95,7.9,14:30,2.93,07:00,81.4,94.86,00:30,59.51,16:00,4.6,197.34,8.11,14:30,166.5,12.99,5.09,1.92,1.69
47,101,2024-03-10,2024,70,6.99,10.82,15:00,4.5,01:30,80.99,93.58,06:30,63.62,15:00,4.25,236.83,6.34,12:00,189.2,9.67,1.2,0,1.68
47,101,2024-03-11,2024,71,6.8,12.7,15:00,1.96,07:00,76.28,97.7,06:30,44.54,15:30,2.11,228.58,4.18,09:00,204,15.46,0,0,2.1
47,101,2024-03-12,2024,72,6.49,15.56,15:50,-0.52,05:20,78.8,98,08:50,45.71,16:50,0.57,302.6,2.83,16:12,337.7,17.24,0.2,0,1.85
47,101,2024-03-13,2024,73,8.96,19.31,15:30,0.95,07:00,69.26,94.5,07:00,25.47,15:10,0.78,296.1,2.88,06:57,327.6,18.42,0,0,2.36
47,101,2024-03-14,2024,74,9.86,16.52,14:40,3.09,05:00,76.8,95.6,05:10,50.89,15:10,1.76,161.1,7.72,11:17,155,13.07,0,0,2.11
47,101,2024-03-15,2024,75,11.02,16.71,15:40,5.9,00:00,84.6,96,07:30,54.5,16:20,1.59,155.1,5.32,11:08,152,9.75,1.8,0,1.85
47,101,2024-03-16,2024,76,10.02,16.65,16:10,3.82,04:30,87.6,97.8,10:00,61.81,16:10,0.58,188.6,4.38,14:55,160.1,10.5,0.2,0,1.53
47,101,2024-03-17,2024,77,11.52,18.85,15:00,4.9,06:20,81.6,97.5,09:20,52.35,14:40,0.54,169.8,4.07,13:31,188.3,13,0,0,1.85
47,101,2024-03-18,2024,78,12.63,21.64,15:00,5.44,06:50,77.2,97.1,07:50,38.79,15:00,0.64,232.6,3.88,15:34,199.2,17.11,0.2,0,2.41
47,101,2024-03-19,2024,79,13.15,22.51,14:50,4.97,06:30,73,97.2,07:10,32.36,14:50,0.47,321,2.99,13:01,158.4,16.98,0,0,2.35
47,101,2024-03-20,2024,80,14.19,22.11,13:50,6.51,06:30,69.62,95.6,07:00,31.29,14:30,0.94,141.3,5.33,17:28,118.9,15.89,0,0,2.64
47,101,2024-03-21,2024,81,15.96,23.05,15:40,10.97,04:10,61.46,77.3,04:10,32.43,14:10,2.52,325.7,7.41,12:47,0,15,0,0,3.81
47,101,2024-03-22,2024,82,16.19,25.84,15:10,7.64,06:40,61.46,88.8,06:50,22.57,16:30,1.23,312,5.26,23:38,344,18.12,0,0,3.45
47,101,2024-03-23,2024,83,13.03,18.71,15:30,7.43,23:50,66.65,83.8,04:40,44.24,15:50,3.65,327.9,9.24,08:23,319.1,17.72,0,0,3.49
47,101,2024-03-24,2024,84,9.55,17.64,15:00,3.23,06:30,64.48,91.1,06:30,24.53,14:50,3.34,322.9,7.82,14:09,317.6,20.48,0,0,3.86
47,101,2024-03-25,2024,85,9.19,17.31,14:50,4.43,06:30,67.44,89.5,06:40,38.14,14:00,2.77,202.6,8.59,15:49,185.1,16.39,0,0,3.1
47,101,2024-03-26,2024,86,4.24,8.36,15:40,0.82,06:30,71.7,96.6,21:00,45.41,12:30,3.67,173.4,9.28,17:25,208.6,12.93,1.6,0,2.01
47,101,2024-03-27,2024,87,8.03,14.44,15:10,3.29,01:30,74.1,93,04:30,42.37,14:40,6.68,167.2,20.28,17:19,156.8,13.58,1.8,0,3.19
47,101,2024-03-28,2024,88,8.2,13.92,15:40,4.23,06:50,79.7,91.9,21:40,58.95,15:50,5.43,156,17.76,15:01,171.9,7.5,11,6.34,2.17
47,101,2024-03-29,2024,89,5.86,7.65,15:30,3.15,23:00,90.43,97.26,23:30,79.3,18:00,2.39,216.47,3.72,00:30,158.2,8.33,8.26,4.36,1.15
47,101,2024-03-30,2024,90,7.03,12.5,15:50,4.09,00:00,81.17,97.53,05:00,50.56,15:40,3.49,154.38,6,14:00,152.7,14.23,4.88,1.75,2.32
47,101,2024-03-31,2024,91,5.69,10.44,16:00,2.92,08:00,83.75,97.26,09:00,60.4,17:00,2.88,171.3,5.26,13:00,178.1,13.31,5.82,2.51,1.85
47,101,2024-04-01,2024,92,6.34,10.77,12:50,2.62,23:30,78.6,92.2,00:00,56.87,13:10,3.87,163,11.47,11:51,172,15.95,1,0,2.23
47,101,2024-04-02,2024,93,7.28,12.38,13:20,1.56,04:00,82.9,95.9,06:20,61.3,13:50,2.88,150.1,12.19,14:02,184.2,8.32,1.6,0,1.7
47,101,2024-04-03,2024,94,11.54,16.35,15:30,7.45,06:30,76.73,95.94,06:30,51.89,15:30,2.32,185.17,4.11,12:30,160.5,17.34,0,0,2.75
47,101,2024-04-04,2024,95,11.92,19.99,16:20,5.03,05:00,68.65,94.8,06:00,32.64,15:50,1.49,146.9,7.11,16:21,164.1,18.07,0,0,3.14
47,101,2024-04-05,2024,96,14.87,22.52,13:00,5.64,06:00,56.61,90.1,06:20,28.55,12:40,2.22,132.6,7.78,15:55,105.5,17.78,0,0,3.86
47,101,2024-04-06,2024,97,17.02,21.06,12:40,12.05,00:00,52.77,82,00:00,33.59,06:00,2.4,151.6,7.73,05:36,112.9,8.01,0,0,3.04
47,101,2024-04-07,2024,98,12.98,17.75,16:00,10.63,05:30,84.61,97.5,10:00,60.29,17:30,1.23,189.8,2.97,15:00,160.6,12.42,6.69,3.18,2.16
47,101,2024-04-08,2024,99,9.19,12.38,10:30,2.82,24:00:00,84.61,95.2,05:30,69.12,19:00,3.06,254.8,5.47,15:30,291.27,12.77,4.28,1.26,1.9
47,101,2024-04-09,2024,100,6.87,13.17,18:00,0,08:31,71.33,95.49,06:30,43.04,16:00,1.29,288.9,2.3,09:30,238.5,23.58,0,0,2.81
47,101,2024-04-10,2024,101,9.66,17.44,14:20,2.16,05:40,73.3,95,04:20,43.5,14:10,1.13,313.3,5.08,16:54,325.6,22.48,0,0,3.04
47,101,2024-04-11,2024,102,13.33,22.24,15:40,4.76,05:50,71.7,93.4,05:30,44.29,17:00,1.5,317.2,6.22,15:13,330.9,23.37,0,0,3.7
47,101,2024-04-12,2024,103,15.74,25.72,17:40,6.17,05:20,68.56,95.2,06:30,28.87,15:40,0.67,319.1,3.13,11:49,7.52,24.16,0,0,3.76
47,101,2024-04-13,2024,104,16.57,27.05,15:30,7.64,05:40,65.74,90.3,23:50,25.18,14:50,0.68,329.5,3.39,02:07,313.8,23.43,0,0,3.83
47,101,2024-04-14,2024,105,16.97,27.32,15:30,7.77,06:00,66.42,95,06:20,30.82,13:50,0.68,181.5,4.64,14:11,176.7,23.07,0,0,3.82
47,101,2024-04-15,2024,106,15.25,21.71,15:10,8.31,00:00,70.4,90.2,02:40,43.89,16:00,1.52,326.8,6.42,09:37,316.1,23.83,0,0,3.87
47,101,2024-04-16,2024,107,10.86,17.71,15:50,4.76,05:40,71.1,93,05:40,46.18,14:20,1.89,326.8,5.23,18:24,322.7,24.57,0,0,3.52
47,101,2024-04-17,2024,108,9.5,16.03,15:30,2.83,05:50,68.92,93.3,06:10,44.97,15:40,2.06,325.1,6.26,10:54,320.3,25.08,0,0,3.43
47,101,2024-04-18,2024,109,9,16.23,15:10,2.03,04:40,67.09,92.1,05:00,39.01,16:20,2.44,325.4,7.11,16:09,332.7,25.32,0,0,3.63
47,101,2024-04-19,2024,110,10.65,21.37,16:30,1.16,05:50,61.29,94.2,06:00,24.92,15:30,1.26,319.1,4.58,01:19,330.3,25.63,0,0,3.93
47,101,2024-04-20,2024,111,12.14,20.38,14:30,4.09,04:20,54.26,85.2,05:00,25.4,14:20,2.83,325.1,7.77,22:46,343.6,25.78,0,0,4.72
47,101,2024-04-21,2024,112,10.82,19.25,15:10,3.76,05:40,54.36,89.1,05:50,22.45,15:50,3.08,327.1,8.12,23:42,318.3,26.01,0,0,4.71
47,101,2024-04-22,2024,113,7.72,13.3,15:10,2.95,23:50,52.56,78.1,02:00,29.37,17:00,3.62,334.2,9.05,07:42,322.7,26.12,0,0,3.96
47,101,2024-04-23,2024,114,7.08,15.97,15:10,-1.79,05:10,62.55,89.7,05:50,35.4,12:10,1.58,309.9,7.9,17:26,294.1,24.22,0,0,3.34
47,101,2024-04-24,2024,115,7.93,16.84,16:30,-1.12,05:20,62.44,94.8,05:40,28.35,15:40,0.6,285.6,4.75,15:11,174.8,24.31,0,0,3.1
47,101,2024-04-25,2024,116,10.04,16.11,15:30,4.43,02:10,62.47,84.8,02:40,37.33,14:30,1.33,286.5,5.73,17:15,183.3,17.78,0,0,2.92
47,101,2024-04-26,2024,117,10.03,16.11,16:00,5.43,02:10,69.51,89.1,00:00,37.94,15:50,1.84,156.9,7.45,17:03,218.5,15.59,0,0,2.9
47,101,2024-04-27,2024,118,7.67,12.25,15:00,3.29,23:30,80,94.7,00:00,58.27,16:00,2.52,166.4,9.87,14:24,149,14.19,6,2.65,2.22
47,101,2024-04-28,2024,119,7.15,13.04,17:00,0.15,05:30,79.7,97.8,06:10,46.66,17:20,0.68,324.9,5.41,14:27,83.5,18.86,1.2,0,2.47
47,101,2024-04-29,2024,120,9.2,17.31,15:10,1.42,05:20,69.98,96.8,05:30,32.3,16:20,0.83,295.5,3.82,16:38,244.4,24.27,0,0,3.32
47,101,2024-04-30,2024,121,8.86,15.51,13:40,2.03,03:30,76.9,95.7,05:20,45.66,11:30,2.37,160.3,6.94,15:02,149.3,16.52,3.2,0.34,2.84
47,101,2024-05-01,2024,122,6.56,12.02,15:30,2.38,05:30,77.78,96.56,22:30,48.77,15:30,2.12,248.22,3.64,12:00,275.52,18.15,4.13,1.14,2.57
47,101,2024-05-02,2024,123,6.88,12.98,14:30,1.14,05:00,78.68,97.33,02:00,47.44,14:30,2.45,196.57,4.44,12:30,172.7,21.11,0.11,0,2.9
47,101,2024-05-03,2024,124,9.93,15.18,16:00,2.48,05:10,71.8,95.2,05:50,49.01,12:40,2.59,157,7.19,14:18,127.6,17.26,0,0,2.89
47,101,2024-05-04,2024,125,14.3,20.86,13:20,9.18,05:50,66.31,86.2,23:00,33.04,14:20,3.09,164.6,9.75,13:44,161,20.58,0,0,4.46
47,101,2024-05-05,2024,126,13.21,19.25,11:30,10.5,02:10,82.7,94.6,21:20,51.42,14:00,2.95,156,10.27,14:21,169.2,11.8,2.6,0,2.89
47,101,2024-05-06,2024,127,11.86,17.08,17:00,6.95,24:00:00,70.4,93.8,01:00,37.41,16:30,1.5,323.24,2.43,15:00,334.63,26.82,0.64,0,3.94
47,101,2024-05-07,2024,128,11.36,18.2,16:30,2.85,05:30,71.68,97.63,06:00,44.75,16:00,1.32,88.42,2.24,18:00,54.52,27.02,0,0,3.84
47,101,2024-05-08,2024,129,13.01,22.18,16:30,4.78,04:30,68.34,94.32,05:00,29.94,17:00,1.46,94.92,2.39,08:30,153.63,27.02,0,0,4.45
47,101,2024-05-09,2024,130,14.88,25.01,16:00,4.19,05:00,66.5,97.04,06:00,27.9,16:00,0.71,178.72,1.47,14:30,303.34,25.07,0,0,4.09
47,101,2024-05-10,2024,131,17.54,26.92,16:30,6.95,06:00,61.24,96.15,05:30,25.91,15:30,0.66,191.12,1.65,14:30,242.86,26.8,0,0,4.49
47,101,2024-05-11,2024,132,16.48,23.7,15:30,9.88,04:30,68.29,94.45,05:00,37.83,16:30,1.31,51.16,6.53,21:00,27.38,20.98,0.32,0,3.96
47,101,2024-05-12,2024,133,15.95,23.72,14:40,6.7,05:10,65.96,94.7,05:30,32.09,16:30,0.58,164.8,4.44,14:52,163.1,20.57,0,0,3.52
47,101,2024-05-13,2024,134,14.92,24.25,13:10,8.57,03:50,71.6,93,19:40,34.37,13:00,1.92,174.5,7.15,12:40,163.5,17.43,3.6,0.69,4
47,101,2024-05-14,2024,135,10.6,16.29,14:00,6.55,05:00,73.35,91.5,04:00,46.88,14:30,2.38,176.01,4.7,15:00,188,21.09,0.2,0,3.41
47,101,2024-05-15,2024,136,9.79,15.81,16:00,4.34,05:30,67.03,95.3,06:30,34.05,16:00,2.27,183.71,4.4,16:00,169.3,23.56,0.25,0,3.72
47,101,2024-05-16,2024,137,9.82,14.42,17:30,5,06:00,70.3,95,00:00,45.99,17:30,2.18,182.49,3.88,12:30,158,13.77,5,1.85,2.6
47,101,2024-05-17,2024,138,10.87,16.14,15:00,6.73,24:00:00,83.92,98.52,06:30,57.12,16:30,1.36,267.11,2.84,15:30,288.73,17.55,6.94,3.38,2.75
47,101,2024-05-18,2024,139,10.22,16.25,17:30,4.8,03:30,79,94.7,00:00,49.81,13:00,1.33,194.13,3.69,13:30,160.5,17.58,0.6,0,2.83
47,101,2024-05-19,2024,140,10.25,15.54,14:30,6.28,24:00:00,85.48,98.23,06:00,57.76,14:30,0.68,184.32,1.83,11:30,232.2,12.33,10,5.63,2.08
47,101,2024-05-20,2024,141,10.75,18.06,16:00,3.88,04:00,78.39,93.4,08:50,45.75,16:00,1.07,172.54,4.12,17:30,184.2,22.41,0.16,0,3.38
47,101,2024-05-21,2024,142,11.47,18.38,14:30,5.58,05:30,77.25,98.44,06:00,38.97,14:30,1.24,205.96,4.61,18:30,196.5,18.58,0.65,0,3.17
47,101,2024-05-22,2024,143,11.69,18.04,16:00,6.43,05:30,75.12,98.04,03:00,37.48,14:00,1.98,213.2,3.95,15:30,167.9,21.74,0.2,0,3.7
47,101,2024-05-23,2024,144,11.95,19.19,15:30,4.58,04:30,68.33,97.55,04:30,35.77,16:00,1.06,331.72,2.09,08:30,5.38,28.49,0.2,0,4.19
47,101,2024-05-24,2024,145,14.42,23.25,16:30,4.92,05:00,63.94,97.09,05:30,29,19:00,0.96,41.63,2.35,16:00,156.3,29.44,0,0,4.68
47,101,2024-05-25,2024,146,16.48,25.33,15:30,5.97,05:30,56.05,96.07,05:30,16.83,14:00,1.73,166.2,4.21,14:00,170.5,28.01,0,0,5.41
47,101,2024-05-26,2024,147,16.34,23.67,16:00,8.27,04:30,66.51,95.97,05:30,31.71,17:00,1.44,201.57,2.69,11:30,147.6,25.96,0,0,4.68
47,101,2024-05-27,2024,148,15.04,22.31,16:30,7.45,05:30,68.86,96.37,05:30,37.1,16:30,1.46,351.14,2.11,09:00,342,28.79,0,0,4.75
47,101,2024-05-28,2024,149,17.43,28.18,16:30,6.62,05:30,59.11,96.32,05:30,22.02,14:30,0.82,351.91,1.83,00:30,307.3,28.85,0,0,5.05
47,101,2024-05-29,2024,150,20.12,29.97,17:00,8.65,05:30,56.41,94.58,05:30,19.59,17:00,0.76,146.33,1.34,13:00,172.5,28.92,0,0,5.24
47,101,2024-05-30,2024,151,19.2,27.74,14:30,11.19,24:00:00,62.83,91.31,04:30,41.29,15:00,1.85,15.28,4.02,18:30,336.7,26.97,0,0,5.36
47,101,2024-05-31,2024,152,14.12,21.11,15:00,7.8,05:00,58.14,83.06,03:30,33.1,15:30,3.04,1.35,3.84,07:30,131.16,29.58,0,0,5.36
47,101,2024-06-01,2024,153,13.83,20.8,15:00,6.99,05:30,60.27,85.72,05:30,36.92,15:00,3.18,3.43,4.52,13:00,332.2,29.86,0,0,5.23
47,101,2024-06-02,2024,154,15.36,22.51,14:30,7.89,04:30,62.38,90.55,05:00,36.17,15:30,2.67,4.55,3.95,19:00,330.5,29.95,0,0,5.35
47,101,2024-06-03,2024,155,17.67,26.66,16:00,9.86,05:30,60.69,90.83,04:30,26.95,14:30,1.95,21.09,2.89,21:00,328.9,29.7,0,0,5.83
47,101,2024-06-04,2024,156,18.79,28.65,16:30,7.04,05:00,58.13,96.34,05:30,23.15,17:30,0.9,148.65,2.6,09:00,342.1,28.24,0,0,5.16
47,101,2024-06-05,2024,157,21.72,31.4,17:00,10.84,05:00,52.46,90.29,05:30,20.81,16:30,1.01,160.94,3.19,14:00,168.5,26.69,0,0,5.43
47,101,2024-06-06,2024,158,22.65,31.09,16:00,11.74,05:00,56.9,92.8,24:00:00,24.92,16:00,0.75,137,2.31,13:00,184.6,24.47,0,0,4.89
47,101,2024-06-07,2024,159,23.5,33.01,15:00,16.24,05:30,65.26,100,00:30,22.82,15:00,1.85,6.05,3.47,17:30,327.3,22.68,1.23,0,5.9
47,101,2024-06-08,2024,160,18.86,23.61,16:00,14.65,05:00,76.88,92.64,21:30,49.99,16:00,1.5,118.94,3.04,18:00,117.04,13.7,7.1,3.5,3.19
47,101,2024-06-09,2024,161,15.82,19.85,15:30,11.62,24:00:00,79.26,95.3,03:30,59.15,16:30,2.24,67.06,3.03,09:00,51.93,18.88,2.74,0,3.43
47,101,2024-06-10,2024,162,14.95,21,16:30,9.8,05:00,61.72,83.77,02:00,39.92,16:30,2.77,57.59,3.6,07:30,58.6,28.8,0,0,5.11
47,101,2024-06-11,2024,163,14.78,21.96,16:30,6.62,05:00,62.82,88.7,05:00,37.61,16:00,1.96,79.95,3.14,22:30,66.45,29.25,0.05,0,4.98
47,101,2024-06-12,2024,164,14.71,20.98,13:30,9.92,24:00:00,57.89,84.54,03:00,29.28,16:30,2.34,16.99,3.65,08:30,57.52,27.89,0.04,0,5.12
47,101,2024-06-13,2024,165,17.05,26.32,15:40,5.9,04:30,52.29,92.1,04:50,20.7,14:40,1.42,224.8,7.03,16:37,182.4,28.65,0,0,5.39
47,101,2024-06-14,2024,166,19.39,26.47,15:30,11.44,04:20,55.03,83,03:10,38.66,15:00,2.62,174.5,9.02,14:48,172.8,25.15,0,0,5.51
47,101,2024-06-15,2024,167,16.01,24.19,16:30,6.77,05:00,50.6,86.8,05:10,21.64,17:40,0.93,213.4,5.7,15:56,228.6,30.02,0,0,5
47,101,2024-06-16,2024,168,17.89,26.32,15:10,8.64,04:40,55.6,88.2,05:10,25.32,16:30,1.76,166.7,7.19,17:03,167.5,28.36,0,0,5.59
47,101,2024-06-17,2024,169,19.3,28.66,14:40,10.91,04:50,55.46,86.7,05:00,26.93,15:00,1.98,161.4,8.57,15:36,150,25.62,0,0,5.75
47,101,2024-06-18,2024,170,15.83,20.86,10:50,12.38,00:00,75.6,91.1,16:10,41.55,11:00,1.29,156.7,7.67,12:32,181.6,13.13,1.8,0,2.96
47,101,2024-06-19,2024,171,14.86,23.05,15:30,8.44,05:00,73.5,96.3,23:40,33.43,15:50,0.68,196.2,5.22,17:37,36.92,23.48,5,1.86,3.95
47,101,2024-06-20,2024,172,13.45,18.65,14:30,10.51,23:50,87.9,96.5,00:00,60.72,10:30,0.96,282.9,6.32,14:42,311.5,13.73,14.6,8.81,2.5
47,101,2024-06-21,2024,173,16.4,25.06,17:40,8.64,04:30,71.3,97.7,06:50,33.5,17:10,0.65,181.9,7.03,14:07,286.6,26.95,0.2,0,4.51
47,101,2024-06-22,2024,174,17.83,25.18,15:00,10.18,04:30,63.8,94.7,05:40,27.4,15:00,0.89,263.6,5.49,14:17,216.3,20.73,0,0,4.04
47,101,2024-06-23,2024,175,19.59,27.58,13:40,11.31,04:50,64.83,93.2,05:00,38.85,15:30,1.35,323.6,6.27,16:36,321.3,27.54,0,0,5.25
47,101,2024-06-24,2024,176,20.8,30.26,16:30,12.45,05:10,58.73,95.6,05:20,21.17,17:40,0.98,323.4,5.2,14:34,353.2,29.47,0,0,5.66
47,101,2024-06-25,2024,177,21.48,32.33,13:10,13.19,04:40,63.41,92,04:50,27.66,13:00,1.02,326.3,6.54,15:05,96.7,20.94,2.6,0,4.77
47,101,2024-06-26,2024,178,23.3,31.86,15:40,16.52,05:10,62.97,95.2,06:00,27.53,14:10,1.2,63,7.56,17:09,117.9,23.8,3,0.17,5.33
47,101,2024-06-27,2024,179,24,33.12,14:40,15.72,04:30,63.22,93.9,05:10,26.79,14:10,1.75,326.1,6.09,19:09,350.1,23.55,0,0,5.89
47,101,2024-06-28,2024,180,21.85,32.33,16:10,15.51,21:10,67.34,92.4,05:10,27.66,15:00,2.46,330.2,8.29,16:44,138.1,25.27,10.2,5.83,6.59
47,101,2024-06-29,2024,181,16.82,19.06,15:20,15.05,01:10,90.6,96.6,03:10,80.4,16:30,1.63,150.9,6.08,17:04,159.6,5.38,6.4,2.95,1.44
47,101,2024-06-30,2024,182,19.11,24.98,16:10,14.59,05:40,69.03,91.7,05:00,37.24,16:30,1.48,163.3,4.78,21:21,339.1,23.36,0,0,4.65
47,101,2024-07-01,2024,183,19.04,26.65,15:30,12.45,05:00,57.53,93.5,04:00,27.54,13:30,2.12,327.7,6.05,08:22,5.05,28.07,0,0,5.79
47,101,2024-07-02,2024,184,19.76,28.99,16:40,10.98,05:00,56.91,92.6,05:10,25.99,16:30,1.14,329.7,4.35,08:15,340,27.59,0,0,5.37
47,101,2024-07-03,2024,185,22.15,32.39,15:50,11.92,05:00,44.21,90.3,05:10,15,19:00,1.28,297.9,4.46,14:18,257.2,28.47,0.2,0,6.09
47,101,2024-07-04,2024,186,23.91,33.18,16:10,12.72,04:10,40.68,71.3,04:50,22.1,16:10,1.46,319.6,4.86,07:39,339.1,28.6,0,0,6.37
47,101,2024-07-05,2024,187,25.49,35.4,14:20,15.59,05:10,51.64,81,05:10,18.21,14:30,1.68,215,7.94,14:45,167.7,27.67,0.2,0,6.83
47,101,2024-07-06,2024,188,19.85,26.92,16:40,12.65,00:00,62.1,86.5,05:10,30.81,16:20,2.2,327.1,6.88,19:00,51.85,23.78,0.2,0,5.38
47,101,2024-07-07,2024,189,18.9,27.72,17:10,10.85,04:40,55.22,83.9,05:20,24.85,17:10,1.68,318.5,5.08,06:16,329.6,28.5,0,0,5.77
47,101,2024-07-08,2024,190,21.56,30.73,15:40,11.11,04:00,45.42,88,05:20,14.33,14:30,1.62,147.7,7.92,14:55,166.8,28.53,0,0,6.23
47,101,2024-07-09,2024,191,21.84,28.73,15:30,16.45,00:00,51.5,78.9,23:50,23.51,13:50,1.52,178.8,7.19,13:42,161.7,20.63,0,0,5.03
47,101,2024-07-10,2024,192,23.26,31,15:10,15.98,04:20,59.98,91.6,05:00,30.88,14:40,1.39,164.9,8.17,16:21,153.6,25.46,0,0,5.55
47,101,2024-07-11,2024,193,23.4,30.26,14:50,15.66,05:10,52.9,90,03:30,23.38,16:20,1.93,192.1,7.53,13:18,153.9,27.53,0,0,6.23
47,101,2024-07-12,2024,194,20.79,28.32,16:10,13.59,04:50,55.93,91.1,05:10,25.59,16:10,1.52,330.4,6.98,19:56,328.2,28.19,0,0,5.7
47,101,2024-07-13,2024,195,20.92,29.99,15:30,12.98,05:30,51.09,79.2,02:50,14.67,16:40,1.81,287.6,7.03,15:03,149.9,27.67,0,0,6.28
47,101,2024-07-14,2024,196,21.64,29.86,14:50,13.72,05:10,41.48,81.5,01:40,11.52,11:50,1.66,160.8,6.52,12:11,133,26.16,0,0,5.99
47,101,2024-07-15,2024,197,20.02,26.26,15:10,12.85,00:00,63.24,93.1,06:20,26.6,15:40,2.26,168.9,8.03,15:34,212.1,18.37,2.8,0,4.75
47,101,2024-07-16,2024,198,19.77,28.92,16:20,9.58,05:10,55.27,94.1,05:30,19.09,13:20,0.88,6,5.45,23:21,316.4,24.83,0,0,4.79
47,101,2024-07-17,2024,199,22.59,32.93,15:30,13.05,04:50,51.52,90.9,04:50,15.07,15:50,1.35,327.6,5.48,14:53,125.8,26.17,0,0,5.91
47,101,2024-07-18,2024,200,24.06,34.52,16:50,11.85,05:20,43.52,88.5,05:20,15.27,16:50,1.37,158.1,7.25,14:14,208.7,26.61,0,0,6.13
47,101,2024-07-19,2024,201,25.46,36.33,15:40,13.65,05:00,41.28,79.8,04:50,11.52,15:10,1.44,161.7,7.21,15:13,165.3,26.24,0,0,6.46
47,101,2024-07-20,2024,202,23.72,30.8,14:00,15.19,04:40,50.58,82.5,04:20,26.39,13:00,2.15,197.7,8.01,15:16,149.9,25.08,0,0,6.11
47,101,2024-07-21,2024,203,20.61,28.52,16:40,13.45,05:20,48.13,85.1,04:10,14.47,15:00,1.38,326.5,5.61,00:20,201.3,27.04,0,0,5.57
47,101,2024-07-22,2024,204,22.81,33.92,15:50,10.98,05:20,43.31,82.8,04:50,14.94,11:10,1.7,326.7,4.95,12:50,314.2,26.91,0,0,6.48
47,101,2024-07-23,2024,205,26.89,36.8,16:00,15.98,05:00,41.9,82,05:10,13.39,14:30,1.43,326.3,4.5,06:26,337,26.71,0,0,6.53
47,101,2024-07-24,2024,206,27.95,37.74,15:00,18.06,05:10,38.25,65.1,05:20,14.46,16:50,1.84,312.3,7.64,13:16,217.9,26.23,0,0,7.21
47,101,2024-07-25,2024,207,26.61,37.6,15:20,16.86,05:20,44,77.2,05:40,13.93,15:20,2.68,327.5,6.93,15:50,307.2,25.86,0,0,8.2
47,101,2024-07-26,2024,208,26.33,36.53,15:40,15.85,05:20,41.46,73.1,05:40,14.53,15:50,1.74,291.7,5.55,00:52,312.2,25.46,0,0,6.76
47,101,2024-07-27,2024,209,26.64,36,14:50,17.26,03:30,47.71,78.4,05:40,17.07,14:50,1.56,309.2,6.79,21:49,352.8,25,0,0,6.37
47,101,2024-07-28,2024,210,27.98,37.67,14:40,17.79,04:50,42.71,80.9,05:10,13.99,14:40,1.92,1.32,7.36,16:03,156.6,24.5,0,0,6.98
47,101,2024-07-29,2024,211,26.61,33.8,11:40,19.26,05:00,42.76,80.8,23:00,24.18,17:00,1.15,171.7,9.89,13:00,163.9,15.35,0.6,0,4.34
47,101,2024-07-30,2024,212,27.42,36.53,13:50,18.32,00:00,43.96,81.8,06:00,15.07,17:10,1.46,189.3,8.41,16:43,191.2,24.5,0.2,0,6.24
47,101,2024-07-31,2024,213,26.13,35.26,16:30,15.06,05:40,41.43,82.8,05:40,14.13,16:20,1.26,157.3,6.6,10:59,146.4,25.9,0,0,5.95
47,101,2024-08-01,2024,214,25.9,35.46,15:20,16.05,05:30,49.63,83.5,05:40,18.55,16:40,1.51,329,7.37,19:53,337.1,25.34,0,0,6.18
47,101,2024-08-02,2024,215,22.65,30.32,15:20,17.45,00:00,57.37,78.6,05:00,33.15,15:20,2.58,331.1,6.43,17:56,324.2,24.8,0,0,6.19
47,101,2024-08-03,2024,216,23.33,33.25,16:50,13.98,05:10,49.24,85.3,05:30,18.61,17:40,1.43,325.4,4.54,01:07,335.4,25.47,0,0,5.82
47,101,2024-08-04,2024,217,25.19,35.39,15:20,14.32,05:00,38.17,72.6,05:00,13.86,16:30,1.09,303.9,4.86,15:07,124,25.46,0,0,5.65
47,101,2024-08-05,2024,218,26.47,36.13,15:00,15.92,05:20,40.74,76.6,05:00,14.26,18:00,1.48,255.4,6.01,15:37,178.8,25.09,0,0,6.22
47,101,2024-08-06,2024,219,24.62,34.32,15:50,15.52,04:50,51.92,88.6,05:20,14.66,15:50,1.51,315,7.21,23:36,339,23.2,0,0,5.79
47,101,2024-08-07,2024,220,25.26,35.26,16:40,16.72,05:30,51.19,81.5,05:20,14.13,16:50,2.03,322.6,5.77,23:57,315.7,25.23,0,0,6.82
47,101,2024-08-08,2024,221,26.44,37.19,16:20,16.79,05:30,49.14,87.6,05:30,13.39,15:50,1.82,319.9,5.92,00:11,317.7,24.92,0,0,6.75
