Location,Treatment,B,Rep.,ID,Code,esp
Aranjuez,Rainfed,1,1,1,Achille,148
Aranjuez,Rainfed,1,1,2,Amancio,150
Aranjuez,Rainfed,1,1,3,Antalis,142
Aranjuez,Rainfed,1,1,4,Anvergur,149
Aranjuez,Rainfed,1,1,5,Asif,138
Aranjuez,Rainfed,1,1,6,Athorix,143
Aranjuez,Rainfed,1,1,7,Aventadur,143
Aranjuez,Rainfed,1,1,8,Calero,144
Aranjuez,Rainfed,1,1,9,Canaillou (17215),141
Aranjuez,Rainfed,1,1,10,Casteldoux,149
Aranjuez,Rainfed,1,1,11,LG Davis,145
Aranjuez,Rainfed,1,1,12,Don Norman,145
Aranjuez,Rainfed,1,1,13,Egeo,144
Aranjuez,Rainfed,1,1,14,Eliav,139
Aranjuez,Rainfed,1,1,15,Emilio Lepido,140
Aranjuez,Rainfed,1,1,16,Fdn 15 Dw 872,149
Aranjuez,Rainfed,1,1,17,D. Ricardo,145
Aranjuez,Rainfed,1,1,18,Fuego,147
Aranjuez,Rainfed,1,1,19,D. Máximo,146
Aranjuez,Rainfed,1,1,20,Gvati,146
Aranjuez,Rainfed,1,1,21,Hard_Amber,147
Aranjuez,Rainfed,1,1,22,LG Hipnosis,143
Aranjuez,Rainfed,1,1,23,Leondur,144
Aranjuez,Rainfed,1,1,24,Massimo Meridio,147
Aranjuez,Rainfed,1,1,25,Monastir,142
Aranjuez,Rainfed,1,1,26,Nilo,144
Aranjuez,Rainfed,1,1,27,Nobilis,154
Aranjuez,Rainfed,1,1,28,Odiseo,149
Aranjuez,Rainfed,1,1,29,Don Sebastian,144
Aranjuez,Rainfed,1,1,30,Ottaviano,150
Aranjuez,Rainfed,1,1,31,Ovidio,144
Aranjuez,Rainfed,1,1,32,Semidou,141
Aranjuez,Rainfed,2,1,33,Trimulato,145
Aranjuez,Rainfed,2,1,34,RAGT Voilur,150
Aranjuez,Rainfed,2,1,35,Wintergold,156
Aranjuez,Rainfed,2,1,36,LG Ysatis,147
Aranjuez,Rainfed,2,1,37,Avispa,141
Aranjuez,Rainfed,2,1,38,Aneto,143
Aranjuez,Rainfed,2,1,39,Teodorico,142
Aranjuez,Rainfed,2,1,40,Duralis,142
Aranjuez,Rainfed,2,1,41,Makrodur,152
Aranjuez,Rainfed,2,1,42,Duramonte,154
Aranjuez,Rainfed,2,1,43,Don Cristobal,144
Aranjuez,Rainfed,2,1,44,Don Ortega,143
Aranjuez,Rainfed,2,1,45,Carpio,141
Aranjuez,Rainfed,2,1,46,Don Valentín,145
Aranjuez,Rainfed,2,1,47,D. Ferrán,150
Aranjuez,Rainfed,2,1,48,LG Frutis,145
Aranjuez,Rainfed,2,1,49,LG Indianapolis,151
Aranjuez,Rainfed,2,1,50,LG Avensis,145
Aranjuez,Rainfed,2,1,51,RGT Esplendor,142
Aranjuez,Rainfed,2,1,52,LG Confianza,141
Aranjuez,Rainfed,2,1,53,LG Origen,139
Aranjuez,Rainfed,2,1,54,LGDE15-1151-B ( LG Quovadis),143
Aranjuez,Rainfed,2,1,55,LG Anubis,143
Aranjuez,Rainfed,2,1,56,Omnis,145
Aranjuez,Rainfed,2,1,57,Aceres,142
Aranjuez,Rainfed,2,1,58,Coriolis,143
Aranjuez,Rainfed,2,1,59,RGT Reinur,142
Aranjuez,Rainfed,2,1,60,RGT Beticur,143
Aranjuez,Rainfed,2,1,61,RGT Fernandur,151
Aranjuez,Rainfed,2,1,62,RGT Tacodur,141
Aranjuez,Rainfed,2,1,63,RGT Rumbadur,146
Aranjuez,Rainfed,2,1,64,RGT Partitur,143
Aranjuez,Rainfed,3,2,63,RGT Rumbadur,147
Aranjuez,Rainfed,3,2,24,Massimo Meridio,146
Aranjuez,Rainfed,3,2,32,Semidou,141
Aranjuez,Rainfed,3,2,4,Anvergur,150
Aranjuez,Rainfed,3,2,45,Carpio,141
Aranjuez,Rainfed,3,2,19,D. Máximo,144
Aranjuez,Rainfed,3,2,34,RAGT Voilur,148
Aranjuez,Rainfed,3,2,43,Don Cristobal,143
Aranjuez,Rainfed,3,2,37,Avispa,141
Aranjuez,Rainfed,3,2,58,Coriolis,143
Aranjuez,Rainfed,3,2,17,D. Ricardo,146
Aranjuez,Rainfed,3,2,20,Gvati,146
Aranjuez,Rainfed,3,2,50,LG Avensis,145
Aranjuez,Rainfed,3,2,31,Ovidio,143
Aranjuez,Rainfed,3,2,44,Don Ortega,144
Aranjuez,Rainfed,3,2,41,Makrodur,152
Aranjuez,Rainfed,3,2,22,LG Hipnosis,144
Aranjuez,Rainfed,3,2,11,LG Davis,146
Aranjuez,Rainfed,3,2,56,Omnis,147
Aranjuez,Rainfed,3,2,33,Trimulato,146
Aranjuez,Rainfed,3,2,21,Hard_Amber,146
Aranjuez,Rainfed,3,2,18,Fuego,147
Aranjuez,Rainfed,3,2,60,RGT Beticur,144
Aranjuez,Rainfed,3,2,13,Egeo,144
Aranjuez,Rainfed,3,2,35,Wintergold,156
Aranjuez,Rainfed,3,2,16,Fdn 15 Dw 872,149
Aranjuez,Rainfed,3,2,49,LG Indianapolis,151
Aranjuez,Rainfed,3,2,6,Athorix,144
Aranjuez,Rainfed,3,2,47,D. Ferrán,150
Aranjuez,Rainfed,3,2,7,Aventadur,144
Aranjuez,Rainfed,3,2,51,RGT Esplendor,143
Aranjuez,Rainfed,3,2,23,Leondur,144
Aranjuez,Rainfed,4,2,54,LGDE15-1151-B ( LG Quovadis),145
Aranjuez,Rainfed,4,2,42,Duramonte,154
Aranjuez,Rainfed,4,2,30,Ottaviano,150
Aranjuez,Rainfed,4,2,3,Antalis,147
Aranjuez,Rainfed,4,2,53,LG Origen,140
Aranjuez,Rainfed,4,2,12,Don Norman,145
Aranjuez,Rainfed,4,2,61,RGT Fernandur,151
Aranjuez,Rainfed,4,2,14,Eliav,139
Aranjuez,Rainfed,4,2,62,RGT Tacodur,144
Aranjuez,Rainfed,4,2,1,Achille,149
Aranjuez,Rainfed,4,2,57,Aceres,143
Aranjuez,Rainfed,4,2,26,Nilo,144
Aranjuez,Rainfed,4,2,59,RGT Reinur,144
Aranjuez,Rainfed,4,2,10,Casteldoux,149
Aranjuez,Rainfed,4,2,29,Don Sebastian,143
Aranjuez,Rainfed,4,2,39,Teodorico,143
Aranjuez,Rainfed,4,2,46,Don Valentín,144
Aranjuez,Rainfed,4,2,15,Emilio Lepido,141
Aranjuez,Rainfed,4,2,64,RGT Partitur,146
Aranjuez,Rainfed,4,2,36,LG Ysatis,147
Aranjuez,Rainfed,4,2,38,Aneto,145
Aranjuez,Rainfed,4,2,8,Calero,145
Aranjuez,Rainfed,4,2,5,Asif,137
Aranjuez,Rainfed,4,2,28,Odiseo,149
Aranjuez,Rainfed,4,2,55,LG Anubis,145
Aranjuez,Rainfed,4,2,40,Duralis,143
Aranjuez,Rainfed,4,2,9,Canaillou (17215),142
Aranjuez,Rainfed,4,2,48,LG Frutis,144
Aranjuez,Rainfed,4,2,2,Amancio,151
Aranjuez,Rainfed,4,2,52,LG Confianza,141
Aranjuez,Rainfed,4,2,27,Nobilis,154
Aranjuez,Rainfed,4,2,25,Monastir,141
Aranjuez,Rainfed,5,3,29,Don Sebastian,143
Aranjuez,Rainfed,5,3,42,Duramonte,154
Aranjuez,Rainfed,5,3,20,Gvati,146
Aranjuez,Rainfed,5,3,44,Don Ortega,143
Aranjuez,Rainfed,5,3,3,Antalis,141
Aranjuez,Rainfed,5,3,64,RGT Partitur,145
Aranjuez,Rainfed,5,3,10,Casteldoux,151
Aranjuez,Rainfed,5,3,49,LG Indianapolis,152
Aranjuez,Rainfed,5,3,25,Monastir,141
Aranjuez,Rainfed,5,3,18,Fuego,147
Aranjuez,Rainfed,5,3,47,D. Ferrán,151
Aranjuez,Rainfed,5,3,60,RGT Beticur,145
Aranjuez,Rainfed,5,3,19,D. Máximo,145
Aranjuez,Rainfed,5,3,13,Egeo,145
Aranjuez,Rainfed,5,3,55,LG Anubis,145
Aranjuez,Rainfed,5,3,23,Leondur,144
Aranjuez,Rainfed,5,3,5,Asif,138
Aranjuez,Rainfed,5,3,48,LG Frutis,144
Aranjuez,Rainfed,5,3,12,Don Norman,146
Aranjuez,Rainfed,5,3,1,Achille,151
Aranjuez,Rainfed,5,3,62,RGT Tacodur,141
Aranjuez,Rainfed,5,3,4,Anvergur,150
Aranjuez,Rainfed,5,3,58,Coriolis,145
Aranjuez,Rainfed,5,3,50,LG Avensis,145
Aranjuez,Rainfed,5,3,59,RGT Reinur,145
Aranjuez,Rainfed,5,3,16,Fdn 15 Dw 872,149
Aranjuez,Rainfed,5,3,56,Omnis,147
Aranjuez,Rainfed,5,3,2,Amancio,153
Aranjuez,Rainfed,5,3,41,Makrodur,152
Aranjuez,Rainfed,5,3,22,LG Hipnosis,145
Aranjuez,Rainfed,5,3,27,Nobilis,154
Aranjuez,Rainfed,5,3,17,D. Ricardo,144
Aranjuez,Rainfed,6,3,15,Emilio Lepido,139
Aranjuez,Rainfed,6,3,37,Avispa,139
Aranjuez,Rainfed,6,3,24,Massimo Meridio,145
Aranjuez,Rainfed,6,3,45,Carpio,139
Aranjuez,Rainfed,6,3,34,RAGT Voilur,150
Aranjuez,Rainfed,6,3,28,Odiseo,148
Aranjuez,Rainfed,6,3,39,Teodorico,142
Aranjuez,Rainfed,6,3,32,Semidou,141
Aranjuez,Rainfed,6,3,43,Don Cristobal,143
Aranjuez,Rainfed,6,3,26,Nilo,142
Aranjuez,Rainfed,6,3,52,LG Confianza,140
Aranjuez,Rainfed,6,3,40,Duralis,141
Aranjuez,Rainfed,6,3,61,RGT Fernandur,150
Aranjuez,Rainfed,6,3,7,Aventadur,142
Aranjuez,Rainfed,6,3,54,LGDE15-1151-B ( LG Quovadis),144
Aranjuez,Rainfed,6,3,9,Canaillou (17215),140
Aranjuez,Rainfed,6,3,35,Wintergold,155
Aranjuez,Rainfed,6,3,30,Ottaviano,149
Aranjuez,Rainfed,6,3,21,Hard_Amber,144
Aranjuez,Rainfed,6,3,63,RGT Rumbadur,148
Aranjuez,Rainfed,6,3,11,LG Davis,145
Aranjuez,Rainfed,6,3,57,Aceres,144
Aranjuez,Rainfed,6,3,53,LG Origen,138
Aranjuez,Rainfed,6,3,33,Trimulato,145
Aranjuez,Rainfed,6,3,51,RGT Esplendor,141
Aranjuez,Rainfed,6,3,36,LG Ysatis,147
Aranjuez,Rainfed,6,3,8,Calero,144
Aranjuez,Rainfed,6,3,46,Don Valentín,144
Aranjuez,Rainfed,6,3,31,Ovidio,143
Aranjuez,Rainfed,6,3,6,Athorix,143
Aranjuez,Rainfed,6,3,14,Eliav,139
Aranjuez,Rainfed,6,3,38,Aneto,146
Valladolid,Rainfed,1,2,1,Achille,147
Valladolid,Rainfed,1,3,2,Amancio,151
Valladolid,Rainfed,1,4,3,Antalis,145
Valladolid,Rainfed,1,5,4,Anvergur,151
Valladolid,Rainfed,1,6,5,Asif,140
Valladolid,Rainfed,1,7,6,Athorix,143
Valladolid,Rainfed,1,8,7,Aventadur,144
Valladolid,Rainfed,1,9,8,Calero,146
Valladolid,Rainfed,1,10,9,Canaillou (17215),143
Valladolid,Rainfed,1,11,10,Casteldoux,148
Valladolid,Rainfed,1,12,11,LG Davis,146
Valladolid,Rainfed,1,13,12,Don Norman,146
Valladolid,Rainfed,1,14,13,Egeo,145
Valladolid,Rainfed,1,15,14,Eliav,140
Valladolid,Rainfed,1,16,15,Emilio Lepido,144
Valladolid,Rainfed,1,17,16,Fdn 15 Dw 872,
Valladolid,Rainfed,1,18,17,D. Ricardo,147
Valladolid,Rainfed,1,19,18,Fuego,148
Valladolid,Rainfed,1,20,19,D. Máximo,148
Valladolid,Rainfed,1,21,20,Gvati,147
Valladolid,Rainfed,1,22,21,Hard_Amber,146
Valladolid,Rainfed,1,23,22,LG Hipnosis,146
Valladolid,Rainfed,1,24,23,Leondur,148
Valladolid,Rainfed,1,25,24,Massimo Meridio,146
Valladolid,Rainfed,1,26,25,Monastir,145
Valladolid,Rainfed,1,27,26,Nilo,143
Valladolid,Rainfed,1,28,27,Nobilis,
Valladolid,Rainfed,1,29,28,Odiseo,148
Valladolid,Rainfed,1,30,29,Don Sebastian,147
Valladolid,Rainfed,1,31,30,Ottaviano,144
Valladolid,Rainfed,1,32,31,Ovidio,146
Valladolid,Rainfed,1,33,32,Semidou,142
Valladolid,Rainfed,2,33,33,Trimulato,148
Valladolid,Rainfed,2,32,34,RAGT Voilur,146
Valladolid,Rainfed,2,31,35,Wintergold,148
Valladolid,Rainfed,2,30,36,LG Ysatis,147
Valladolid,Rainfed,2,29,37,Avispa,144
Valladolid,Rainfed,2,28,38,Aneto,148
Valladolid,Rainfed,2,27,39,Teodorico,144
Valladolid,Rainfed,2,26,40,Duralis,144
Valladolid,Rainfed,2,25,41,Makrodur,153
Valladolid,Rainfed,2,24,42,Duramonte,154
Valladolid,Rainfed,2,23,43,Don Cristobal,146
Valladolid,Rainfed,2,22,44,Don Ortega,
Valladolid,Rainfed,2,21,45,Carpio,142
Valladolid,Rainfed,2,20,46,Don Valentín,144
Valladolid,Rainfed,2,19,47,D. Ferrán,151
Valladolid,Rainfed,2,18,48,LG Frutis,145
Valladolid,Rainfed,2,17,49,LG Indianapolis,151
Valladolid,Rainfed,2,16,50,LG Avensis,146
Valladolid,Rainfed,2,15,51,RGT Esplendor,146
Valladolid,Rainfed,2,14,52,LG Confianza,142
Valladolid,Rainfed,2,13,53,LG Origen,140
Valladolid,Rainfed,2,12,54,LGDE15-1151-B ( LG Quovadis),145
Valladolid,Rainfed,2,11,55,LG Anubis,145
Valladolid,Rainfed,2,10,56,Omnis,147
Valladolid,Rainfed,2,9,57,Aceres,147
Valladolid,Rainfed,2,8,58,Coriolis,148
Valladolid,Rainfed,2,7,59,RGT Reinur,145
Valladolid,Rainfed,2,6,60,RGT Beticur,145
Valladolid,Rainfed,2,5,61,RGT Fernandur,148
Valladolid,Rainfed,2,4,62,RGT Tacodur,144
Valladolid,Rainfed,2,3,63,RGT Rumbadur,152
Valladolid,Rainfed,2,2,64,RGT Partitur,147
